{"valueType":"relations","values":[[{"_typeName":"Wednesday","id":"ck0h1jlxe1x3i0185s7w89lcy","fieldName":"timeDiscounts"},{"_typeName":"TimeDiscount","id":"ck0h1z0tq1zi101624ivfxm96","fieldName":"wednesday"}],[{"_typeName":"Wednesday","id":"ck0h1jx4z1xjw0127158t9tc9","fieldName":"timeDiscounts"},{"_typeName":"TimeDiscount","id":"ck0h1z0tq1zi101624ivfxm96","fieldName":"wednesday"}],[{"_typeName":"Wednesday","id":"ck0h1kw1g1xg40104j0zn0eh4","fieldName":"timeDiscounts"},{"_typeName":"TimeDiscount","id":"ck0h1z0tq1zi101624ivfxm96","fieldName":"wednesday"}],[{"_typeName":"Wednesday","id":"ck0h1mf7e1xeb0105rchutv7a","fieldName":"timeDiscounts"},{"_typeName":"TimeDiscount","id":"ck0h1z0tq1zi101624ivfxm96","fieldName":"wednesday"}],[{"_typeName":"Wednesday","id":"ck0h1mpef1xse0162m6sfs4zl","fieldName":"timeDiscounts"},{"_typeName":"TimeDiscount","id":"ck0h1z0tq1zi101624ivfxm96","fieldName":"wednesday"}],[{"_typeName":"Wednesday","id":"ck0h1mywm1xxm01274gab6y34","fieldName":"timeDiscounts"},{"_typeName":"TimeDiscount","id":"ck0h1z0tq1zi101624ivfxm96","fieldName":"wednesday"}],[{"_typeName":"Wednesday","id":"ck0h1n7sj1yoe0170xc60xsed","fieldName":"timeDiscounts"},{"_typeName":"TimeDiscount","id":"ck0h1z0tq1zi101624ivfxm96","fieldName":"wednesday"}],[{"_typeName":"Wednesday","id":"ck0h1nkbb1xjb0137e84i0tmj","fieldName":"timeDiscounts"},{"_typeName":"TimeDiscount","id":"ck0h1z0tq1zi101624ivfxm96","fieldName":"wednesday"}],[{"_typeName":"Wednesday","id":"ck0h1nrkd1xxg0162ywydpfk1","fieldName":"timeDiscounts"},{"_typeName":"TimeDiscount","id":"ck0h1z0tq1zi101624ivfxm96","fieldName":"wednesday"}],[{"_typeName":"Wednesday","id":"ck0h1o0mq1xua0123ddjto8lt","fieldName":"timeDiscounts"},{"_typeName":"TimeDiscount","id":"ck0h1z0tq1zi101624ivfxm96","fieldName":"wednesday"}],[{"_typeName":"Wednesday","id":"ck0h1o8uk1xtl0154b1gsph5g","fieldName":"timeDiscounts"},{"_typeName":"TimeDiscount","id":"ck0h1z0tq1zi101624ivfxm96","fieldName":"wednesday"}],[{"_typeName":"Wednesday","id":"ck0h1oh201y4x0127sd99yvfe","fieldName":"timeDiscounts"},{"_typeName":"TimeDiscount","id":"ck0h1z0tq1zi101624ivfxm96","fieldName":"wednesday"}],[{"_typeName":"Wednesday","id":"ck0h1opjx1xwa0154my3aafr2","fieldName":"timeDiscounts"},{"_typeName":"TimeDiscount","id":"ck0h1z0tq1zi101624ivfxm96","fieldName":"wednesday"}],[{"_typeName":"Wednesday","id":"ck0h1p0c91xq30137ewx4y85p","fieldName":"timeDiscounts"},{"_typeName":"TimeDiscount","id":"ck0h1z0tq1zi101624ivfxm96","fieldName":"wednesday"}],[{"_typeName":"Wednesday","id":"ck0h1p7zz1xko0129w1e0ej0h","fieldName":"timeDiscounts"},{"_typeName":"TimeDiscount","id":"ck0h1z0tq1zi101624ivfxm96","fieldName":"wednesday"}],[{"_typeName":"Wednesday","id":"ck26jdq4x05e50182566psk29","fieldName":"timeDiscounts"},{"_typeName":"TimeDiscount","id":"ck26mpdn80g7101821fqoq4bh","fieldName":"wednesday"}],[{"_typeName":"Wednesday","id":"ck26je1eb04ug0125fe0br1fx","fieldName":"timeDiscounts"},{"_typeName":"TimeDiscount","id":"ck26mpdn80g7101821fqoq4bh","fieldName":"wednesday"}],[{"_typeName":"Wednesday","id":"ck26jec8t055x0104d88si05t","fieldName":"timeDiscounts"},{"_typeName":"TimeDiscount","id":"ck26mpdn80g7101821fqoq4bh","fieldName":"wednesday"}],[{"_typeName":"Wednesday","id":"ck26jeqo104rb0174n3kv3mst","fieldName":"timeDiscounts"},{"_typeName":"TimeDiscount","id":"ck26mpdn80g7101821fqoq4bh","fieldName":"wednesday"}],[{"_typeName":"Wednesday","id":"ck26jf66d055d0152kmvmtgxb","fieldName":"timeDiscounts"},{"_typeName":"TimeDiscount","id":"ck26mpdn80g7101821fqoq4bh","fieldName":"wednesday"}],[{"_typeName":"Wednesday","id":"ck26jfhrx057o0138oiuncz5h","fieldName":"timeDiscounts"},{"_typeName":"TimeDiscount","id":"ck26mpdn80g7101821fqoq4bh","fieldName":"wednesday"}],[{"_typeName":"Wednesday","id":"ck26jfvf8057r0112s8l9w0f6","fieldName":"timeDiscounts"},{"_typeName":"TimeDiscount","id":"ck26mpdn80g7101821fqoq4bh","fieldName":"wednesday"}],[{"_typeName":"Wednesday","id":"ck26jgb6804vy0145kd2qglsc","fieldName":"timeDiscounts"},{"_typeName":"TimeDiscount","id":"ck26mpdn80g7101821fqoq4bh","fieldName":"wednesday"}],[{"_typeName":"Wednesday","id":"ck26jh2sm05cr01383bag7k1m","fieldName":"timeDiscounts"},{"_typeName":"TimeDiscount","id":"ck26mpdn80g7101821fqoq4bh","fieldName":"wednesday"}],[{"_typeName":"Wednesday","id":"ck26jhdr1064z0180ctae8f4v","fieldName":"timeDiscounts"},{"_typeName":"TimeDiscount","id":"ck26mpdn80g7101821fqoq4bh","fieldName":"wednesday"}],[{"_typeName":"Wednesday","id":"ck26jhqdf066201800lrkmks3","fieldName":"timeDiscounts"},{"_typeName":"TimeDiscount","id":"ck26mpdn80g7101821fqoq4bh","fieldName":"wednesday"}],[{"_typeName":"Wednesday","id":"ck26ji481051w0145e2gh4v56","fieldName":"timeDiscounts"},{"_typeName":"TimeDiscount","id":"ck26mpdn80g7101821fqoq4bh","fieldName":"wednesday"}],[{"_typeName":"Wednesday","id":"ck26jihfv05320145m6gvn6w3","fieldName":"timeDiscounts"},{"_typeName":"TimeDiscount","id":"ck26mpdn80g7101821fqoq4bh","fieldName":"wednesday"}],[{"_typeName":"Wednesday","id":"ck26jiw3x05h80152te9ok3fh","fieldName":"timeDiscounts"},{"_typeName":"TimeDiscount","id":"ck26mpdn80g7101821fqoq4bh","fieldName":"wednesday"}],[{"_typeName":"Wednesday","id":"ck26jjlin05lt01780vm0c0pj","fieldName":"timeDiscounts"},{"_typeName":"TimeDiscount","id":"ck26mpdn80g7101821fqoq4bh","fieldName":"wednesday"}],[{"_typeName":"Wednesday","id":"ck26jke0i05910145lnm1khap","fieldName":"timeDiscounts"},{"_typeName":"TimeDiscount","id":"ck26mpdn80g7101821fqoq4bh","fieldName":"wednesday"}],[{"_typeName":"Wednesday","id":"ck26jkox105nd0138vpeimz7z","fieldName":"timeDiscounts"},{"_typeName":"TimeDiscount","id":"ck26mpdn80g7101821fqoq4bh","fieldName":"wednesday"}],[{"_typeName":"Wednesday","id":"ck26jkyqs05rh0104uym14sqv","fieldName":"timeDiscounts"},{"_typeName":"TimeDiscount","id":"ck26mpdn80g7101821fqoq4bh","fieldName":"wednesday"}],[{"_typeName":"Wednesday","id":"ck26jl7cm05rc0191c97b7q6b","fieldName":"timeDiscounts"},{"_typeName":"TimeDiscount","id":"ck26mpdn80g7101821fqoq4bh","fieldName":"wednesday"}],[{"_typeName":"Wednesday","id":"ck26jlfxy05e70125djwxxkon","fieldName":"timeDiscounts"},{"_typeName":"TimeDiscount","id":"ck26mpdn80g7101821fqoq4bh","fieldName":"wednesday"}],[{"_typeName":"Wednesday","id":"ck26jlpvs05sd0178ebxc22ta","fieldName":"timeDiscounts"},{"_typeName":"TimeDiscount","id":"ck26mpdn80g7101821fqoq4bh","fieldName":"wednesday"}],[{"_typeName":"Wednesday","id":"ck26jm1j405rb0152zigpwo4s","fieldName":"timeDiscounts"},{"_typeName":"TimeDiscount","id":"ck26mpdn80g7101821fqoq4bh","fieldName":"wednesday"}],[{"_typeName":"Wednesday","id":"ck26msrrp0fpj01459j914dnq","fieldName":"timeDiscounts"},{"_typeName":"TimeDiscount","id":"ck26n162p0gga0125al826fyn","fieldName":"wednesday"}],[{"_typeName":"Wednesday","id":"ck26mt2910h7301805868jlkw","fieldName":"timeDiscounts"},{"_typeName":"TimeDiscount","id":"ck26n162p0gga0125al826fyn","fieldName":"wednesday"}],[{"_typeName":"Wednesday","id":"ck26mtam90g6a0138yioyw9cd","fieldName":"timeDiscounts"},{"_typeName":"TimeDiscount","id":"ck26n162p0gga0125al826fyn","fieldName":"wednesday"}],[{"_typeName":"Wednesday","id":"ck26mtix70g6n0191a1o58zob","fieldName":"timeDiscounts"},{"_typeName":"TimeDiscount","id":"ck26n162p0gga0125al826fyn","fieldName":"wednesday"}],[{"_typeName":"Wednesday","id":"ck26mtr0s0gle0182xnmoezzk","fieldName":"timeDiscounts"},{"_typeName":"TimeDiscount","id":"ck26n162p0gga0125al826fyn","fieldName":"wednesday"}],[{"_typeName":"Wednesday","id":"ck26mtzyh0gc601122gndng5q","fieldName":"timeDiscounts"},{"_typeName":"TimeDiscount","id":"ck26n162p0gga0125al826fyn","fieldName":"wednesday"}],[{"_typeName":"Wednesday","id":"ck26mu8490fy10109lrhcfrey","fieldName":"timeDiscounts"},{"_typeName":"TimeDiscount","id":"ck26n162p0gga0125al826fyn","fieldName":"wednesday"}],[{"_typeName":"Wednesday","id":"ck26mugbm0fwq0125f15ii3km","fieldName":"timeDiscounts"},{"_typeName":"TimeDiscount","id":"ck26n162p0gga0125al826fyn","fieldName":"wednesday"}],[{"_typeName":"Wednesday","id":"ck26muo7p0fy60163z8redv1j","fieldName":"timeDiscounts"},{"_typeName":"TimeDiscount","id":"ck26n162p0gga0125al826fyn","fieldName":"wednesday"}],[{"_typeName":"Wednesday","id":"ck26muwsq0fxw0125vl20cujn","fieldName":"timeDiscounts"},{"_typeName":"TimeDiscount","id":"ck26n162p0gga0125al826fyn","fieldName":"wednesday"}],[{"_typeName":"Wednesday","id":"ck26mv4wx0hch0180a3j6i1x3","fieldName":"timeDiscounts"},{"_typeName":"TimeDiscount","id":"ck26n162p0gga0125al826fyn","fieldName":"wednesday"}],[{"_typeName":"Wednesday","id":"ck26mvd6d0gfu0112gd5o0obc","fieldName":"timeDiscounts"},{"_typeName":"TimeDiscount","id":"ck26n162p0gga0125al826fyn","fieldName":"wednesday"}],[{"_typeName":"Wednesday","id":"ck26mvkq10he20180kpzh1hua","fieldName":"timeDiscounts"},{"_typeName":"TimeDiscount","id":"ck26n162p0gga0125al826fyn","fieldName":"wednesday"}],[{"_typeName":"Wednesday","id":"ck26mvsw90g9x01523t3vxvji","fieldName":"timeDiscounts"},{"_typeName":"TimeDiscount","id":"ck26n162p0gga0125al826fyn","fieldName":"wednesday"}],[{"_typeName":"Wednesday","id":"ck26mw0qp0gt10182vhj70fxo","fieldName":"timeDiscounts"},{"_typeName":"TimeDiscount","id":"ck26n162p0gga0125al826fyn","fieldName":"wednesday"}],[{"_typeName":"Wednesday","id":"ck26mw9gy0gcp0196ohi9xicy","fieldName":"timeDiscounts"},{"_typeName":"TimeDiscount","id":"ck26n162p0gga0125al826fyn","fieldName":"wednesday"}],[{"_typeName":"Wednesday","id":"ck26mwhdn0gdc0196j4rz2d73","fieldName":"timeDiscounts"},{"_typeName":"TimeDiscount","id":"ck26n162p0gga0125al826fyn","fieldName":"wednesday"}],[{"_typeName":"Wednesday","id":"ck26mwqy50gjy0112owu6g96s","fieldName":"timeDiscounts"},{"_typeName":"TimeDiscount","id":"ck26n162p0gga0125al826fyn","fieldName":"wednesday"}],[{"_typeName":"Wednesday","id":"ck26mwz910g140174b1r6j2jw","fieldName":"timeDiscounts"},{"_typeName":"TimeDiscount","id":"ck26n162p0gga0125al826fyn","fieldName":"wednesday"}],[{"_typeName":"Wednesday","id":"ck26mx8ch0ge30152tvlwq18x","fieldName":"timeDiscounts"},{"_typeName":"TimeDiscount","id":"ck26n162p0gga0125al826fyn","fieldName":"wednesday"}],[{"_typeName":"Wednesday","id":"ck26mxfvl0fyf0161xxm41x6q","fieldName":"timeDiscounts"},{"_typeName":"TimeDiscount","id":"ck26n162p0gga0125al826fyn","fieldName":"wednesday"}],[{"_typeName":"Wednesday","id":"ck26mxp760g9301257pqulbzf","fieldName":"timeDiscounts"},{"_typeName":"TimeDiscount","id":"ck26n162p0gga0125al826fyn","fieldName":"wednesday"}],[{"_typeName":"Wednesday","id":"ck26mxx1j0g820163otng7zwj","fieldName":"timeDiscounts"},{"_typeName":"TimeDiscount","id":"ck26n162p0gga0125al826fyn","fieldName":"wednesday"}],[{"_typeName":"Wednesday","id":"ck26my7ft0ggc01789fev6hcp","fieldName":"timeDiscounts"},{"_typeName":"TimeDiscount","id":"ck26n162p0gga0125al826fyn","fieldName":"wednesday"}],[{"_typeName":"Wednesday","id":"ck26myp0w0hn90180z2e7zwel","fieldName":"timeDiscounts"},{"_typeName":"TimeDiscount","id":"ck26n162p0gga0125al826fyn","fieldName":"wednesday"}],[{"_typeName":"Wednesday","id":"ck26ntu5e0ivs0178nbxomph3","fieldName":"timeDiscounts"},{"_typeName":"TimeDiscount","id":"ck27stu1u0d8v0107c9wl9t7j","fieldName":"wednesday"}],[{"_typeName":"Wednesday","id":"ck26nu7uw0iqx0125m3dinatw","fieldName":"timeDiscounts"},{"_typeName":"TimeDiscount","id":"ck27stu1u0d8v0107c9wl9t7j","fieldName":"wednesday"}],[{"_typeName":"Wednesday","id":"ck26nufyc0j3h0138wokn75ug","fieldName":"timeDiscounts"},{"_typeName":"TimeDiscount","id":"ck27stu1u0d8v0107c9wl9t7j","fieldName":"wednesday"}],[{"_typeName":"Wednesday","id":"ck26nunfk0j7t01049wlh5953","fieldName":"timeDiscounts"},{"_typeName":"TimeDiscount","id":"ck27stu1u0d8v0107c9wl9t7j","fieldName":"wednesday"}],[{"_typeName":"Wednesday","id":"ck26nuupu0j0o0196npbh0cbt","fieldName":"timeDiscounts"},{"_typeName":"TimeDiscount","id":"ck27stu1u0d8v0107c9wl9t7j","fieldName":"wednesday"}],[{"_typeName":"Wednesday","id":"ck26nv2pa0ivt0163zbboqrht","fieldName":"timeDiscounts"},{"_typeName":"TimeDiscount","id":"ck27stu1u0d8v0107c9wl9t7j","fieldName":"wednesday"}],[{"_typeName":"Wednesday","id":"ck26nvahv0j5v0112t2g6qi2k","fieldName":"timeDiscounts"},{"_typeName":"TimeDiscount","id":"ck27stu1u0d8v0107c9wl9t7j","fieldName":"wednesday"}],[{"_typeName":"Wednesday","id":"ck26nvif50iwy0163x45gz7dr","fieldName":"timeDiscounts"},{"_typeName":"TimeDiscount","id":"ck27stu1u0d8v0107c9wl9t7j","fieldName":"wednesday"}],[{"_typeName":"Wednesday","id":"ck26nvpzn0j3k0152qpi29cpx","fieldName":"timeDiscounts"},{"_typeName":"TimeDiscount","id":"ck27stu1u0d8v0107c9wl9t7j","fieldName":"wednesday"}],[{"_typeName":"Wednesday","id":"ck26nvydr0ita0125i3kzlawy","fieldName":"timeDiscounts"},{"_typeName":"TimeDiscount","id":"ck27stu1u0d8v0107c9wl9t7j","fieldName":"wednesday"}],[{"_typeName":"Wednesday","id":"ck26nw5tq0ixj010947c3bglr","fieldName":"timeDiscounts"},{"_typeName":"TimeDiscount","id":"ck27stu1u0d8v0107c9wl9t7j","fieldName":"wednesday"}],[{"_typeName":"Wednesday","id":"ck26nwdyy0j8m01125bh2fapt","fieldName":"timeDiscounts"},{"_typeName":"TimeDiscount","id":"ck27stu1u0d8v0107c9wl9t7j","fieldName":"wednesday"}],[{"_typeName":"Wednesday","id":"ck26nwm750j8z0138ivgfb1lj","fieldName":"timeDiscounts"},{"_typeName":"TimeDiscount","id":"ck27stu1u0d8v0107c9wl9t7j","fieldName":"wednesday"}],[{"_typeName":"Wednesday","id":"ck27soz5y0d3m0150glqrdf0y","fieldName":"timeDiscounts"},{"_typeName":"TimeDiscount","id":"ck27stu1u0d8v0107c9wl9t7j","fieldName":"wednesday"}],[{"_typeName":"Wednesday","id":"ck27spa5i0d14019915swuycu","fieldName":"timeDiscounts"},{"_typeName":"TimeDiscount","id":"ck27stu1u0d8v0107c9wl9t7j","fieldName":"wednesday"}],[{"_typeName":"Wednesday","id":"ck27spkl40dte0156tojryic2","fieldName":"timeDiscounts"},{"_typeName":"TimeDiscount","id":"ck27stu1u0d8v0107c9wl9t7j","fieldName":"wednesday"}],[{"_typeName":"Wednesday","id":"ck27sptol0d5f01353passbyo","fieldName":"timeDiscounts"},{"_typeName":"TimeDiscount","id":"ck27stu1u0d8v0107c9wl9t7j","fieldName":"wednesday"}],[{"_typeName":"Wednesday","id":"ck27sq4je0dus0156wz9bzt9t","fieldName":"timeDiscounts"},{"_typeName":"TimeDiscount","id":"ck27stu1u0d8v0107c9wl9t7j","fieldName":"wednesday"}],[{"_typeName":"Wednesday","id":"ck27sqd6e0dff01490wzoig7a","fieldName":"timeDiscounts"},{"_typeName":"TimeDiscount","id":"ck27stu1u0d8v0107c9wl9t7j","fieldName":"wednesday"}],[{"_typeName":"Wednesday","id":"ck27sql620d9v0122pv0sv05s","fieldName":"timeDiscounts"},{"_typeName":"TimeDiscount","id":"ck27stu1u0d8v0107c9wl9t7j","fieldName":"wednesday"}],[{"_typeName":"Wednesday","id":"ck27sqtac0d190103kpusbwmx","fieldName":"timeDiscounts"},{"_typeName":"TimeDiscount","id":"ck27stu1u0d8v0107c9wl9t7j","fieldName":"wednesday"}],[{"_typeName":"Wednesday","id":"ck27sr1nv0d2c01030093enr6","fieldName":"timeDiscounts"},{"_typeName":"TimeDiscount","id":"ck27stu1u0d8v0107c9wl9t7j","fieldName":"wednesday"}],[{"_typeName":"Wednesday","id":"ck27srb9n0dst01533s0ob9fv","fieldName":"timeDiscounts"},{"_typeName":"TimeDiscount","id":"ck27stu1u0d8v0107c9wl9t7j","fieldName":"wednesday"}],[{"_typeName":"Wednesday","id":"ck27sy2on0e5x014983vyauxt","fieldName":"timeDiscounts"},{"_typeName":"TimeDiscount","id":"ck27t5fc90eqb01502rpw6kcp","fieldName":"wednesday"}],[{"_typeName":"Wednesday","id":"ck27sycdp0dz701355g45354b","fieldName":"timeDiscounts"},{"_typeName":"TimeDiscount","id":"ck27t5fc90eqb01502rpw6kcp","fieldName":"wednesday"}],[{"_typeName":"Wednesday","id":"ck27syktw0dzt01358xqhp17n","fieldName":"timeDiscounts"},{"_typeName":"TimeDiscount","id":"ck27t5fc90eqb01502rpw6kcp","fieldName":"wednesday"}],[{"_typeName":"Wednesday","id":"ck27syskj0dw901994gm7tmmt","fieldName":"timeDiscounts"},{"_typeName":"TimeDiscount","id":"ck27t5fc90eqb01502rpw6kcp","fieldName":"wednesday"}],[{"_typeName":"Wednesday","id":"ck27sz28w0dol0107tygoqk2m","fieldName":"timeDiscounts"},{"_typeName":"TimeDiscount","id":"ck27t5fc90eqb01502rpw6kcp","fieldName":"wednesday"}],[{"_typeName":"Wednesday","id":"ck27szi6a0ecb01032yuhozvh","fieldName":"timeDiscounts"},{"_typeName":"TimeDiscount","id":"ck27t5fc90eqb01502rpw6kcp","fieldName":"wednesday"}],[{"_typeName":"Wednesday","id":"ck27szxii0dzb01998yklu86a","fieldName":"timeDiscounts"},{"_typeName":"TimeDiscount","id":"ck27t5fc90eqb01502rpw6kcp","fieldName":"wednesday"}],[{"_typeName":"Wednesday","id":"ck27t06eu0ejt01530aepx7yt","fieldName":"timeDiscounts"},{"_typeName":"TimeDiscount","id":"ck27t5fc90eqb01502rpw6kcp","fieldName":"wednesday"}],[{"_typeName":"Wednesday","id":"ck27t0et70ekv0153k1doot81","fieldName":"timeDiscounts"},{"_typeName":"TimeDiscount","id":"ck27t5fc90eqb01502rpw6kcp","fieldName":"wednesday"}],[{"_typeName":"Wednesday","id":"ck27t0n0a0dt20107takpkoqy","fieldName":"timeDiscounts"},{"_typeName":"TimeDiscount","id":"ck27t5fc90eqb01502rpw6kcp","fieldName":"wednesday"}],[{"_typeName":"Wednesday","id":"ck27t0vwk0em801534osb19a6","fieldName":"timeDiscounts"},{"_typeName":"TimeDiscount","id":"ck27t5fc90eqb01502rpw6kcp","fieldName":"wednesday"}],[{"_typeName":"Wednesday","id":"ck27t14iw0duo0107mkj4yk4n","fieldName":"timeDiscounts"},{"_typeName":"TimeDiscount","id":"ck27t5fc90eqb01502rpw6kcp","fieldName":"wednesday"}],[{"_typeName":"Wednesday","id":"ck27t1cyo0ehs0103im7dwbah","fieldName":"timeDiscounts"},{"_typeName":"TimeDiscount","id":"ck27t5fc90eqb01502rpw6kcp","fieldName":"wednesday"}],[{"_typeName":"Wednesday","id":"ck27t1lw30euu0156ix6itq4a","fieldName":"timeDiscounts"},{"_typeName":"TimeDiscount","id":"ck27t5fc90eqb01502rpw6kcp","fieldName":"wednesday"}],[{"_typeName":"Wednesday","id":"ck27t23mr0e5w0159hi6ai4aj","fieldName":"timeDiscounts"},{"_typeName":"TimeDiscount","id":"ck27t5fc90eqb01502rpw6kcp","fieldName":"wednesday"}],[{"_typeName":"Wednesday","id":"ck27t2bpw0ehf01494w3ewrzd","fieldName":"timeDiscounts"},{"_typeName":"TimeDiscount","id":"ck27t5fc90eqb01502rpw6kcp","fieldName":"wednesday"}],[{"_typeName":"Wednesday","id":"ck27t2k690ei50149q8cmyvk6","fieldName":"timeDiscounts"},{"_typeName":"TimeDiscount","id":"ck27t5fc90eqb01502rpw6kcp","fieldName":"wednesday"}],[{"_typeName":"Wednesday","id":"ck27t2svi0ebg0183deh1shaf","fieldName":"timeDiscounts"},{"_typeName":"TimeDiscount","id":"ck27t5fc90eqb01502rpw6kcp","fieldName":"wednesday"}],[{"_typeName":"Wednesday","id":"ck27t34320ejy0149s619rspl","fieldName":"timeDiscounts"},{"_typeName":"TimeDiscount","id":"ck27t5fc90eqb01502rpw6kcp","fieldName":"wednesday"}],[{"_typeName":"Wednesday","id":"ck27t3cap0fbf0123ibuesc9r","fieldName":"timeDiscounts"},{"_typeName":"TimeDiscount","id":"ck27t5fc90eqb01502rpw6kcp","fieldName":"wednesday"}],[{"_typeName":"Wednesday","id":"ck27t3kwo0egn0150fcccbkj3","fieldName":"timeDiscounts"},{"_typeName":"TimeDiscount","id":"ck27t5fc90eqb01502rpw6kcp","fieldName":"wednesday"}],[{"_typeName":"Wednesday","id":"ck27t3seu0eeh0135cncws9yv","fieldName":"timeDiscounts"},{"_typeName":"TimeDiscount","id":"ck27t5fc90eqb01502rpw6kcp","fieldName":"wednesday"}],[{"_typeName":"Wednesday","id":"ck27t40ps0ef201354ltp7v9x","fieldName":"timeDiscounts"},{"_typeName":"TimeDiscount","id":"ck27t5fc90eqb01502rpw6kcp","fieldName":"wednesday"}],[{"_typeName":"Wednesday","id":"ck27t491s0e8t0157fjgxiw7c","fieldName":"timeDiscounts"},{"_typeName":"TimeDiscount","id":"ck27t5fc90eqb01502rpw6kcp","fieldName":"wednesday"}],[{"_typeName":"Wednesday","id":"ck27te7na0fkq01509l5g1a2b","fieldName":"timeDiscounts"},{"_typeName":"TimeDiscount","id":"ck27tj2ym0g450143rcjzoe7m","fieldName":"wednesday"}],[{"_typeName":"Wednesday","id":"ck27tejrs0gzf0123fspg23t8","fieldName":"timeDiscounts"},{"_typeName":"TimeDiscount","id":"ck27tj2ym0g450143rcjzoe7m","fieldName":"wednesday"}],[{"_typeName":"Wednesday","id":"ck27tet460f9h0157jogjkj60","fieldName":"timeDiscounts"},{"_typeName":"TimeDiscount","id":"ck27tj2ym0g450143rcjzoe7m","fieldName":"wednesday"}],[{"_typeName":"Wednesday","id":"ck27tf1e20fie01222pno7v9e","fieldName":"timeDiscounts"},{"_typeName":"TimeDiscount","id":"ck27tj2ym0g450143rcjzoe7m","fieldName":"wednesday"}],[{"_typeName":"Wednesday","id":"ck27tf9fa0fjj0183kf8lys28","fieldName":"timeDiscounts"},{"_typeName":"TimeDiscount","id":"ck27tj2ym0g450143rcjzoe7m","fieldName":"wednesday"}],[{"_typeName":"Wednesday","id":"ck27tfyfb0g7g0156dw764gpz","fieldName":"timeDiscounts"},{"_typeName":"TimeDiscount","id":"ck27tj2ym0g450143rcjzoe7m","fieldName":"wednesday"}],[{"_typeName":"Wednesday","id":"ck27tg77j0fe80107ahotafsf","fieldName":"timeDiscounts"},{"_typeName":"TimeDiscount","id":"ck27tj2ym0g450143rcjzoe7m","fieldName":"wednesday"}],[{"_typeName":"Wednesday","id":"ck27tgfs30fio0169woh5p4eu","fieldName":"timeDiscounts"},{"_typeName":"TimeDiscount","id":"ck27tj2ym0g450143rcjzoe7m","fieldName":"wednesday"}],[{"_typeName":"Wednesday","id":"ck27tgqru0fjf016917m1x660","fieldName":"timeDiscounts"},{"_typeName":"TimeDiscount","id":"ck27tj2ym0g450143rcjzoe7m","fieldName":"wednesday"}],[{"_typeName":"Wednesday","id":"ck27tgz8v0fol0135r2un2tbl","fieldName":"timeDiscounts"},{"_typeName":"TimeDiscount","id":"ck27tj2ym0g450143rcjzoe7m","fieldName":"wednesday"}],[{"_typeName":"Wednesday","id":"ck27th8jv0ga6015342q76w0j","fieldName":"timeDiscounts"},{"_typeName":"TimeDiscount","id":"ck27tj2ym0g450143rcjzoe7m","fieldName":"wednesday"}],[{"_typeName":"Wednesday","id":"ck27thlvw0fq501993zeflh0u","fieldName":"timeDiscounts"},{"_typeName":"TimeDiscount","id":"ck27tj2ym0g450143rcjzoe7m","fieldName":"wednesday"}],[{"_typeName":"Wednesday","id":"ck27thua60fj30107byu0aejt","fieldName":"timeDiscounts"},{"_typeName":"TimeDiscount","id":"ck27tj2ym0g450143rcjzoe7m","fieldName":"wednesday"}],[{"_typeName":"Wednesday","id":"ck27uqai20jj00149rr6e3eqs","fieldName":"timeDiscounts"},{"_typeName":"TimeDiscount","id":"ck27uxnuf0jxg0199v0nsikqa","fieldName":"wednesday"}],[{"_typeName":"Wednesday","id":"ck27uqtsu0j9z0135t6ejuqqc","fieldName":"timeDiscounts"},{"_typeName":"TimeDiscount","id":"ck27uxnuf0jxg0199v0nsikqa","fieldName":"wednesday"}],[{"_typeName":"Wednesday","id":"ck27ur2r40j660183o0s2rhf3","fieldName":"timeDiscounts"},{"_typeName":"TimeDiscount","id":"ck27uxnuf0jxg0199v0nsikqa","fieldName":"wednesday"}],[{"_typeName":"Wednesday","id":"ck27urb7o0jly0149kl92m6xv","fieldName":"timeDiscounts"},{"_typeName":"TimeDiscount","id":"ck27uxnuf0jxg0199v0nsikqa","fieldName":"wednesday"}],[{"_typeName":"Wednesday","id":"ck27urjvq0jxz0156ya2qo9gv","fieldName":"timeDiscounts"},{"_typeName":"TimeDiscount","id":"ck27uxnuf0jxg0199v0nsikqa","fieldName":"wednesday"}],[{"_typeName":"Wednesday","id":"ck27urrk50jg30150zxq59ew0","fieldName":"timeDiscounts"},{"_typeName":"TimeDiscount","id":"ck27uxnuf0jxg0199v0nsikqa","fieldName":"wednesday"}],[{"_typeName":"Wednesday","id":"ck27us0wu0jzd0156oojkutj8","fieldName":"timeDiscounts"},{"_typeName":"TimeDiscount","id":"ck27uxnuf0jxg0199v0nsikqa","fieldName":"wednesday"}],[{"_typeName":"Wednesday","id":"ck27us9p10j3z0107t28pvpjb","fieldName":"timeDiscounts"},{"_typeName":"TimeDiscount","id":"ck27uxnuf0jxg0199v0nsikqa","fieldName":"wednesday"}],[{"_typeName":"Wednesday","id":"ck27usjjn0jsj01492ik1zl0y","fieldName":"timeDiscounts"},{"_typeName":"TimeDiscount","id":"ck27uxnuf0jxg0199v0nsikqa","fieldName":"wednesday"}],[{"_typeName":"Wednesday","id":"ck27uss8t0k110153z7usv4re","fieldName":"timeDiscounts"},{"_typeName":"TimeDiscount","id":"ck27uxnuf0jxg0199v0nsikqa","fieldName":"wednesday"}],[{"_typeName":"Wednesday","id":"ck27ut5940jiz0199xvclpiw7","fieldName":"timeDiscounts"},{"_typeName":"TimeDiscount","id":"ck27uxnuf0jxg0199v0nsikqa","fieldName":"wednesday"}],[{"_typeName":"Wednesday","id":"ck27utd780k7p0156jtrh5mx9","fieldName":"timeDiscounts"},{"_typeName":"TimeDiscount","id":"ck27uxnuf0jxg0199v0nsikqa","fieldName":"wednesday"}],[{"_typeName":"Wednesday","id":"ck27utlg40jgy0159o5njtos0","fieldName":"timeDiscounts"},{"_typeName":"TimeDiscount","id":"ck27uxnuf0jxg0199v0nsikqa","fieldName":"wednesday"}],[{"_typeName":"Wednesday","id":"ck27uttv30k9c0156tj5coqdr","fieldName":"timeDiscounts"},{"_typeName":"TimeDiscount","id":"ck27uxnuf0jxg0199v0nsikqa","fieldName":"wednesday"}],[{"_typeName":"Wednesday","id":"ck27uu1we0l28012348tzayt6","fieldName":"timeDiscounts"},{"_typeName":"TimeDiscount","id":"ck27uxnuf0jxg0199v0nsikqa","fieldName":"wednesday"}],[{"_typeName":"Wednesday","id":"ck27uu9t60k8u0150dyr9rn55","fieldName":"timeDiscounts"},{"_typeName":"TimeDiscount","id":"ck27uxnuf0jxg0199v0nsikqa","fieldName":"wednesday"}],[{"_typeName":"Wednesday","id":"ck27uuit70k050149x26plgki","fieldName":"timeDiscounts"},{"_typeName":"TimeDiscount","id":"ck27uxnuf0jxg0199v0nsikqa","fieldName":"wednesday"}],[{"_typeName":"Wednesday","id":"ck27uusmf0kab0150gngl5ce4","fieldName":"timeDiscounts"},{"_typeName":"TimeDiscount","id":"ck27uxnuf0jxg0199v0nsikqa","fieldName":"wednesday"}],[{"_typeName":"Wednesday","id":"ck27uv18b0k5k0122rn1kev4n","fieldName":"timeDiscounts"},{"_typeName":"TimeDiscount","id":"ck27uxnuf0jxg0199v0nsikqa","fieldName":"wednesday"}],[{"_typeName":"Wednesday","id":"ck27uv9mt0jxx0143x864kemu","fieldName":"timeDiscounts"},{"_typeName":"TimeDiscount","id":"ck27uxnuf0jxg0199v0nsikqa","fieldName":"wednesday"}],[{"_typeName":"Wednesday","id":"ck27uvj630k2o014931t721by","fieldName":"timeDiscounts"},{"_typeName":"TimeDiscount","id":"ck27uxnuf0jxg0199v0nsikqa","fieldName":"wednesday"}],[{"_typeName":"Wednesday","id":"ck27uvrs50kad0153gtaia0gl","fieldName":"timeDiscounts"},{"_typeName":"TimeDiscount","id":"ck27uxnuf0jxg0199v0nsikqa","fieldName":"wednesday"}],[{"_typeName":"Wednesday","id":"ck27uw3r90je1015730v4is8l","fieldName":"timeDiscounts"},{"_typeName":"TimeDiscount","id":"ck27uxnuf0jxg0199v0nsikqa","fieldName":"wednesday"}],[{"_typeName":"Wednesday","id":"ck27uwhxm0jte01998brez9ph","fieldName":"timeDiscounts"},{"_typeName":"TimeDiscount","id":"ck27uxnuf0jxg0199v0nsikqa","fieldName":"wednesday"}],[{"_typeName":"Wednesday","id":"ck27uzxjp0kly0122ya9t00v8","fieldName":"timeDiscounts"},{"_typeName":"TimeDiscount","id":"ck27v3ns70m0x0123pqsjtz57","fieldName":"wednesday"}],[{"_typeName":"Wednesday","id":"ck27v08ej0kfi01034ycnc5iz","fieldName":"timeDiscounts"},{"_typeName":"TimeDiscount","id":"ck27v3ns70m0x0123pqsjtz57","fieldName":"wednesday"}],[{"_typeName":"Wednesday","id":"ck27v0ihm0kus01568u32xoif","fieldName":"timeDiscounts"},{"_typeName":"TimeDiscount","id":"ck27v3ns70m0x0123pqsjtz57","fieldName":"wednesday"}],[{"_typeName":"Wednesday","id":"ck27v0s0s0kvo0103xgdvgnzr","fieldName":"timeDiscounts"},{"_typeName":"TimeDiscount","id":"ck27v3ns70m0x0123pqsjtz57","fieldName":"wednesday"}],[{"_typeName":"Wednesday","id":"ck27v11bs0kw801561wcuv9bf","fieldName":"timeDiscounts"},{"_typeName":"TimeDiscount","id":"ck27v3ns70m0x0123pqsjtz57","fieldName":"wednesday"}],[{"_typeName":"Wednesday","id":"ck27v19lq0k6601691h8rpnb8","fieldName":"timeDiscounts"},{"_typeName":"TimeDiscount","id":"ck27v3ns70m0x0123pqsjtz57","fieldName":"wednesday"}],[{"_typeName":"Wednesday","id":"ck27v1siy0jyl0157pf4y0z7i","fieldName":"timeDiscounts"},{"_typeName":"TimeDiscount","id":"ck27v3ns70m0x0123pqsjtz57","fieldName":"wednesday"}],[{"_typeName":"Wednesday","id":"ck27v21ly0kd50199kh6mjezs","fieldName":"timeDiscounts"},{"_typeName":"TimeDiscount","id":"ck27v3ns70m0x0123pqsjtz57","fieldName":"wednesday"}],[{"_typeName":"Wednesday","id":"ck27v29xw0k020157t6rsce7k","fieldName":"timeDiscounts"},{"_typeName":"TimeDiscount","id":"ck27v3ns70m0x0123pqsjtz57","fieldName":"wednesday"}],[{"_typeName":"Wednesday","id":"ck27v2hyi0kxz0153nyofojfr","fieldName":"timeDiscounts"},{"_typeName":"TimeDiscount","id":"ck27v3ns70m0x0123pqsjtz57","fieldName":"wednesday"}],[{"_typeName":"Wednesday","id":"ck27vxbz80oh40123znfrkl6f","fieldName":"timeDiscounts"},{"_typeName":"TimeDiscount","id":"ck27w485q0ndg0159yn50sbpv","fieldName":"wednesday"}],[{"_typeName":"Wednesday","id":"ck27vxk7q0n0h0135grwnw382","fieldName":"timeDiscounts"},{"_typeName":"TimeDiscount","id":"ck27w485q0ndg0159yn50sbpv","fieldName":"wednesday"}],[{"_typeName":"Wednesday","id":"ck27vxt3m0n1f013583d1dgbg","fieldName":"timeDiscounts"},{"_typeName":"TimeDiscount","id":"ck27w485q0ndg0159yn50sbpv","fieldName":"wednesday"}],[{"_typeName":"Wednesday","id":"ck27vy0ne0mz50169xk735imk","fieldName":"timeDiscounts"},{"_typeName":"TimeDiscount","id":"ck27w485q0ndg0159yn50sbpv","fieldName":"wednesday"}],[{"_typeName":"Wednesday","id":"ck27vy87s0ndl0143qj5wa7ai","fieldName":"timeDiscounts"},{"_typeName":"TimeDiscount","id":"ck27w485q0ndg0159yn50sbpv","fieldName":"wednesday"}],[{"_typeName":"Wednesday","id":"ck27vyg6q0nee0143ajdpguhi","fieldName":"timeDiscounts"},{"_typeName":"TimeDiscount","id":"ck27w485q0ndg0159yn50sbpv","fieldName":"wednesday"}],[{"_typeName":"Wednesday","id":"ck27vyoer0nez0143zw74m2vi","fieldName":"timeDiscounts"},{"_typeName":"TimeDiscount","id":"ck27w485q0ndg0159yn50sbpv","fieldName":"wednesday"}],[{"_typeName":"Wednesday","id":"ck27vywmw0mzs0159m4u1098s","fieldName":"timeDiscounts"},{"_typeName":"TimeDiscount","id":"ck27w485q0ndg0159yn50sbpv","fieldName":"wednesday"}],[{"_typeName":"Wednesday","id":"ck27vz4xh0ng60143ebjmz5di","fieldName":"timeDiscounts"},{"_typeName":"TimeDiscount","id":"ck27w485q0ndg0159yn50sbpv","fieldName":"wednesday"}],[{"_typeName":"Wednesday","id":"ck27vzd3o0nlv012277aymk59","fieldName":"timeDiscounts"},{"_typeName":"TimeDiscount","id":"ck27w485q0ndg0159yn50sbpv","fieldName":"wednesday"}],[{"_typeName":"Wednesday","id":"ck27vzl660one0123wcm20d9k","fieldName":"timeDiscounts"},{"_typeName":"TimeDiscount","id":"ck27w485q0ndg0159yn50sbpv","fieldName":"wednesday"}],[{"_typeName":"Wednesday","id":"ck27vzu0i0nhz0143z9n77t23","fieldName":"timeDiscounts"},{"_typeName":"TimeDiscount","id":"ck27w485q0ndg0159yn50sbpv","fieldName":"wednesday"}],[{"_typeName":"Wednesday","id":"ck27w027j0mv80157anuxrg9v","fieldName":"timeDiscounts"},{"_typeName":"TimeDiscount","id":"ck27w485q0ndg0159yn50sbpv","fieldName":"wednesday"}],[{"_typeName":"Wednesday","id":"ck27w09tk0n4z016944fhmrkr","fieldName":"timeDiscounts"},{"_typeName":"TimeDiscount","id":"ck27w485q0ndg0159yn50sbpv","fieldName":"wednesday"}],[{"_typeName":"Wednesday","id":"ck27w0j5h0nlz0149hcrdni6z","fieldName":"timeDiscounts"},{"_typeName":"TimeDiscount","id":"ck27w485q0ndg0159yn50sbpv","fieldName":"wednesday"}],[{"_typeName":"Wednesday","id":"ck27w0rmz0n8l0135bubh6epw","fieldName":"timeDiscounts"},{"_typeName":"TimeDiscount","id":"ck27w485q0ndg0159yn50sbpv","fieldName":"wednesday"}],[{"_typeName":"Wednesday","id":"ck27w10hf0mvi0107wx16f13c","fieldName":"timeDiscounts"},{"_typeName":"TimeDiscount","id":"ck27w485q0ndg0159yn50sbpv","fieldName":"wednesday"}],[{"_typeName":"Wednesday","id":"ck27w18qj0n4p0159ntwcu4yn","fieldName":"timeDiscounts"},{"_typeName":"TimeDiscount","id":"ck27w485q0ndg0159yn50sbpv","fieldName":"wednesday"}],[{"_typeName":"Wednesday","id":"ck27w1h0q0nwd0103unlsdcti","fieldName":"timeDiscounts"},{"_typeName":"TimeDiscount","id":"ck27w485q0ndg0159yn50sbpv","fieldName":"wednesday"}],[{"_typeName":"Wednesday","id":"ck27w1otu0os701238jyb85v8","fieldName":"timeDiscounts"},{"_typeName":"TimeDiscount","id":"ck27w485q0ndg0159yn50sbpv","fieldName":"wednesday"}],[{"_typeName":"Wednesday","id":"ck27w1xdl0nvx0150s555ojip","fieldName":"timeDiscounts"},{"_typeName":"TimeDiscount","id":"ck27w485q0ndg0159yn50sbpv","fieldName":"wednesday"}],[{"_typeName":"Wednesday","id":"ck27w289t0n040157uaex82bu","fieldName":"timeDiscounts"},{"_typeName":"TimeDiscount","id":"ck27w485q0ndg0159yn50sbpv","fieldName":"wednesday"}],[{"_typeName":"Wednesday","id":"ck27w2h1j0ou00123scz99v3v","fieldName":"timeDiscounts"},{"_typeName":"TimeDiscount","id":"ck27w485q0ndg0159yn50sbpv","fieldName":"wednesday"}],[{"_typeName":"Wednesday","id":"ck27w2pix0n8a0159heecv6ra","fieldName":"timeDiscounts"},{"_typeName":"TimeDiscount","id":"ck27w485q0ndg0159yn50sbpv","fieldName":"wednesday"}],[{"_typeName":"Wednesday","id":"ck2a4uxrw095i0155f3khm9f2","fieldName":"timeDiscounts"},{"_typeName":"TimeDiscount","id":"ck2a53wxc0a5d0168g12lko6c","fieldName":"wednesday"}],[{"_typeName":"Wednesday","id":"ck2a4vq2208yo0126td4wy29d","fieldName":"timeDiscounts"},{"_typeName":"TimeDiscount","id":"ck2a53wxc0a5d0168g12lko6c","fieldName":"wednesday"}],[{"_typeName":"Wednesday","id":"ck2a4w0lx093h0195whh9ugg7","fieldName":"timeDiscounts"},{"_typeName":"TimeDiscount","id":"ck2a53wxc0a5d0168g12lko6c","fieldName":"wednesday"}],[{"_typeName":"Wednesday","id":"ck2a4wa9v095t01242u0xiwmi","fieldName":"timeDiscounts"},{"_typeName":"TimeDiscount","id":"ck2a53wxc0a5d0168g12lko6c","fieldName":"wednesday"}],[{"_typeName":"Wednesday","id":"ck2a4wjbh08xk01053ty1jnip","fieldName":"timeDiscounts"},{"_typeName":"TimeDiscount","id":"ck2a53wxc0a5d0168g12lko6c","fieldName":"wednesday"}],[{"_typeName":"Wednesday","id":"ck2a4wu8o093y0174nynsjkmy","fieldName":"timeDiscounts"},{"_typeName":"TimeDiscount","id":"ck2a53wxc0a5d0168g12lko6c","fieldName":"wednesday"}],[{"_typeName":"Wednesday","id":"ck2a4x3a9099x0148xohvfjer","fieldName":"timeDiscounts"},{"_typeName":"TimeDiscount","id":"ck2a53wxc0a5d0168g12lko6c","fieldName":"wednesday"}],[{"_typeName":"Wednesday","id":"ck2a4xbxz09330151cz13ckfv","fieldName":"timeDiscounts"},{"_typeName":"TimeDiscount","id":"ck2a53wxc0a5d0168g12lko6c","fieldName":"wednesday"}],[{"_typeName":"Wednesday","id":"ck2a4xkw509bi0124cy7ksaql","fieldName":"timeDiscounts"},{"_typeName":"TimeDiscount","id":"ck2a53wxc0a5d0168g12lko6c","fieldName":"wednesday"}],[{"_typeName":"Wednesday","id":"ck2a4xtet09cw01485fi639dl","fieldName":"timeDiscounts"},{"_typeName":"TimeDiscount","id":"ck2a53wxc0a5d0168g12lko6c","fieldName":"wednesday"}],[{"_typeName":"Wednesday","id":"ck2a4y1vw09bm0172ddoni1cb","fieldName":"timeDiscounts"},{"_typeName":"TimeDiscount","id":"ck2a53wxc0a5d0168g12lko6c","fieldName":"wednesday"}],[{"_typeName":"Wednesday","id":"ck2a4ykt909e40195jvfev4nc","fieldName":"timeDiscounts"},{"_typeName":"TimeDiscount","id":"ck2a53wxc0a5d0168g12lko6c","fieldName":"wednesday"}],[{"_typeName":"Wednesday","id":"ck2a4ytko09f20195dn8fkw83","fieldName":"timeDiscounts"},{"_typeName":"TimeDiscount","id":"ck2a53wxc0a5d0168g12lko6c","fieldName":"wednesday"}],[{"_typeName":"Wednesday","id":"ck2a4z52o09c90126o96cfnvf","fieldName":"timeDiscounts"},{"_typeName":"TimeDiscount","id":"ck2a53wxc0a5d0168g12lko6c","fieldName":"wednesday"}],[{"_typeName":"Wednesday","id":"ck2a4zelh09ml01688gwu3sm6","fieldName":"timeDiscounts"},{"_typeName":"TimeDiscount","id":"ck2a53wxc0a5d0168g12lko6c","fieldName":"wednesday"}],[{"_typeName":"Wednesday","id":"ck2a4znj609i70195nqtg3s3n","fieldName":"timeDiscounts"},{"_typeName":"TimeDiscount","id":"ck2a53wxc0a5d0168g12lko6c","fieldName":"wednesday"}],[{"_typeName":"Wednesday","id":"ck2a4zvhr09r901551nvyi19w","fieldName":"timeDiscounts"},{"_typeName":"TimeDiscount","id":"ck2a53wxc0a5d0168g12lko6c","fieldName":"wednesday"}],[{"_typeName":"Wednesday","id":"ck2a503px09q50103ntpr1yol","fieldName":"timeDiscounts"},{"_typeName":"TimeDiscount","id":"ck2a53wxc0a5d0168g12lko6c","fieldName":"wednesday"}],[{"_typeName":"Wednesday","id":"ck2a50bjg09gp0126csnqo4br","fieldName":"timeDiscounts"},{"_typeName":"TimeDiscount","id":"ck2a53wxc0a5d0168g12lko6c","fieldName":"wednesday"}],[{"_typeName":"Wednesday","id":"ck2a50jnd09tv0155cy0pf7gr","fieldName":"timeDiscounts"},{"_typeName":"TimeDiscount","id":"ck2a53wxc0a5d0168g12lko6c","fieldName":"wednesday"}],[{"_typeName":"Wednesday","id":"ck2a50rob09pu0148eo1booue","fieldName":"timeDiscounts"},{"_typeName":"TimeDiscount","id":"ck2a53wxc0a5d0168g12lko6c","fieldName":"wednesday"}],[{"_typeName":"Wednesday","id":"ck2a510ff09ta01037qasu9ng","fieldName":"timeDiscounts"},{"_typeName":"TimeDiscount","id":"ck2a53wxc0a5d0168g12lko6c","fieldName":"wednesday"}],[{"_typeName":"Wednesday","id":"ck2a51cbv09ru0148rbc0hsct","fieldName":"timeDiscounts"},{"_typeName":"TimeDiscount","id":"ck2a53wxc0a5d0168g12lko6c","fieldName":"wednesday"}],[{"_typeName":"Wednesday","id":"ck2a60x5s0e9d0155rtciivak","fieldName":"timeDiscounts"},{"_typeName":"TimeDiscount","id":"ck2chddn603340159e1ynp1z0","fieldName":"wednesday"}],[{"_typeName":"Wednesday","id":"ck2a61cxu0e790148mgnetlpa","fieldName":"timeDiscounts"},{"_typeName":"TimeDiscount","id":"ck2chddn603340159e1ynp1z0","fieldName":"wednesday"}],[{"_typeName":"Wednesday","id":"ck2a61ngy0e8s0148pt1kv0yq","fieldName":"timeDiscounts"},{"_typeName":"TimeDiscount","id":"ck2chddn603340159e1ynp1z0","fieldName":"wednesday"}],[{"_typeName":"Wednesday","id":"ck2a621cu0efc01684btdhs6d","fieldName":"timeDiscounts"},{"_typeName":"TimeDiscount","id":"ck2chddn603340159e1ynp1z0","fieldName":"wednesday"}],[{"_typeName":"Wednesday","id":"ck2a62ecf0e660124tjjtizo7","fieldName":"timeDiscounts"},{"_typeName":"TimeDiscount","id":"ck2chddn603340159e1ynp1z0","fieldName":"wednesday"}],[{"_typeName":"Wednesday","id":"ck2a632ez0edh0195d34x76g2","fieldName":"timeDiscounts"},{"_typeName":"TimeDiscount","id":"ck2chddn603340159e1ynp1z0","fieldName":"wednesday"}],[{"_typeName":"Wednesday","id":"ck2a63dc30elc0155kyun6c16","fieldName":"timeDiscounts"},{"_typeName":"TimeDiscount","id":"ck2chddn603340159e1ynp1z0","fieldName":"wednesday"}],[{"_typeName":"Wednesday","id":"ck2a63p740eh50195e7vwthrv","fieldName":"timeDiscounts"},{"_typeName":"TimeDiscount","id":"ck2chddn603340159e1ynp1z0","fieldName":"wednesday"}],[{"_typeName":"Wednesday","id":"ck2chnh1a03z30137fi54webm","fieldName":"timeDiscounts"},{"_typeName":"TimeDiscount","id":"ck2chqc8a03zq01816o7a5kv7","fieldName":"wednesday"}],[{"_typeName":"Wednesday","id":"ck2chnzy803s40130890s4wtr","fieldName":"timeDiscounts"},{"_typeName":"TimeDiscount","id":"ck2chqc8a03zq01816o7a5kv7","fieldName":"wednesday"}],[{"_typeName":"Wednesday","id":"ck2cho9tu03y50168ghomyd94","fieldName":"timeDiscounts"},{"_typeName":"TimeDiscount","id":"ck2chqc8a03zq01816o7a5kv7","fieldName":"wednesday"}],[{"_typeName":"Wednesday","id":"ck2chohy203yp0109k4a9xa2y","fieldName":"timeDiscounts"},{"_typeName":"TimeDiscount","id":"ck2chqc8a03zq01816o7a5kv7","fieldName":"wednesday"}],[{"_typeName":"Wednesday","id":"ck2chos1v03u20130f2cbulp3","fieldName":"timeDiscounts"},{"_typeName":"TimeDiscount","id":"ck2chqc8a03zq01816o7a5kv7","fieldName":"wednesday"}],[{"_typeName":"Wednesday","id":"ck2choz5n040x0165edmen5bl","fieldName":"timeDiscounts"},{"_typeName":"TimeDiscount","id":"ck2chqc8a03zq01816o7a5kv7","fieldName":"wednesday"}],[{"_typeName":"Wednesday","id":"ck2chp6tq03v20130qq3ffbwd","fieldName":"timeDiscounts"},{"_typeName":"TimeDiscount","id":"ck2chqc8a03zq01816o7a5kv7","fieldName":"wednesday"}],[{"_typeName":"Wednesday","id":"ck2chpdnd03sz01769by55g2b","fieldName":"timeDiscounts"},{"_typeName":"TimeDiscount","id":"ck2chqc8a03zq01816o7a5kv7","fieldName":"wednesday"}],[{"_typeName":"Wednesday","id":"ck2chpl55044i0137nn9molou","fieldName":"timeDiscounts"},{"_typeName":"TimeDiscount","id":"ck2chqc8a03zq01816o7a5kv7","fieldName":"wednesday"}],[{"_typeName":"Wednesday","id":"ck2chpsee040j0179sedzu4iy","fieldName":"timeDiscounts"},{"_typeName":"TimeDiscount","id":"ck2chqc8a03zq01816o7a5kv7","fieldName":"wednesday"}],[{"_typeName":"Wednesday","id":"ck3c7xd4q06w80106xuu5z9wr","fieldName":"timeDiscounts"},{"_typeName":"TimeDiscount","id":"ck3c86kzv07y30188ti2mra2m","fieldName":"wednesday"}],[{"_typeName":"Wednesday","id":"ck3c7xzpj078v0123xtpjl8wo","fieldName":"timeDiscounts"},{"_typeName":"TimeDiscount","id":"ck3c86kzv07y30188ti2mra2m","fieldName":"wednesday"}],[{"_typeName":"Wednesday","id":"ck3c7ydb3079o0151kqgf75qt","fieldName":"timeDiscounts"},{"_typeName":"TimeDiscount","id":"ck3c86kzv07y30188ti2mra2m","fieldName":"wednesday"}],[{"_typeName":"Wednesday","id":"ck3c7ynmc07bh0123q5b50ks6","fieldName":"timeDiscounts"},{"_typeName":"TimeDiscount","id":"ck3c86kzv07y30188ti2mra2m","fieldName":"wednesday"}],[{"_typeName":"Wednesday","id":"ck3c7yvrb07eo0156xf2avjpd","fieldName":"timeDiscounts"},{"_typeName":"TimeDiscount","id":"ck3c86kzv07y30188ti2mra2m","fieldName":"wednesday"}],[{"_typeName":"Wednesday","id":"ck3c7z3uu072w0188smmv25mj","fieldName":"timeDiscounts"},{"_typeName":"TimeDiscount","id":"ck3c86kzv07y30188ti2mra2m","fieldName":"wednesday"}],[{"_typeName":"Wednesday","id":"ck3c7zc2t073c01060pcoj1t7","fieldName":"timeDiscounts"},{"_typeName":"TimeDiscount","id":"ck3c86kzv07y30188ti2mra2m","fieldName":"wednesday"}],[{"_typeName":"Wednesday","id":"ck3c7zk0707et0190afuhae2w","fieldName":"timeDiscounts"},{"_typeName":"TimeDiscount","id":"ck3c86kzv07y30188ti2mra2m","fieldName":"wednesday"}],[{"_typeName":"Wednesday","id":"ck3c7zrkt07fo0190sfsxy9my","fieldName":"timeDiscounts"},{"_typeName":"TimeDiscount","id":"ck3c86kzv07y30188ti2mra2m","fieldName":"wednesday"}],[{"_typeName":"Wednesday","id":"ck3c7zzct07ix01567677og72","fieldName":"timeDiscounts"},{"_typeName":"TimeDiscount","id":"ck3c86kzv07y30188ti2mra2m","fieldName":"wednesday"}],[{"_typeName":"Wednesday","id":"ck3c806sg07i001515di3e7m8","fieldName":"timeDiscounts"},{"_typeName":"TimeDiscount","id":"ck3c86kzv07y30188ti2mra2m","fieldName":"wednesday"}],[{"_typeName":"Wednesday","id":"ck3c80ej607cx0194u6jk4brv","fieldName":"timeDiscounts"},{"_typeName":"TimeDiscount","id":"ck3c86kzv07y30188ti2mra2m","fieldName":"wednesday"}],[{"_typeName":"Wednesday","id":"ck3c80mbr07j60190dyksg7vh","fieldName":"timeDiscounts"},{"_typeName":"TimeDiscount","id":"ck3c86kzv07y30188ti2mra2m","fieldName":"wednesday"}],[{"_typeName":"Wednesday","id":"ck3c80tv1079801885yxdybs9","fieldName":"timeDiscounts"},{"_typeName":"TimeDiscount","id":"ck3c86kzv07y30188ti2mra2m","fieldName":"wednesday"}],[{"_typeName":"Wednesday","id":"ck3c811hm07fa0194cgwops3t","fieldName":"timeDiscounts"},{"_typeName":"TimeDiscount","id":"ck3c86kzv07y30188ti2mra2m","fieldName":"wednesday"}],[{"_typeName":"Wednesday","id":"ck3c819xq07aq0188zc5h8qkc","fieldName":"timeDiscounts"},{"_typeName":"TimeDiscount","id":"ck3c86kzv07y30188ti2mra2m","fieldName":"wednesday"}],[{"_typeName":"Wednesday","id":"ck3c81hno07lh0123da087ric","fieldName":"timeDiscounts"},{"_typeName":"TimeDiscount","id":"ck3c86kzv07y30188ti2mra2m","fieldName":"wednesday"}],[{"_typeName":"Wednesday","id":"ck3c81pi707c90167hom0d17k","fieldName":"timeDiscounts"},{"_typeName":"TimeDiscount","id":"ck3c86kzv07y30188ti2mra2m","fieldName":"wednesday"}],[{"_typeName":"Wednesday","id":"ck3c81xiw07ns0151htrpqdb8","fieldName":"timeDiscounts"},{"_typeName":"TimeDiscount","id":"ck3c86kzv07y30188ti2mra2m","fieldName":"wednesday"}],[{"_typeName":"Wednesday","id":"ck3c825z407oh0151mxojnv6f","fieldName":"timeDiscounts"},{"_typeName":"TimeDiscount","id":"ck3c86kzv07y30188ti2mra2m","fieldName":"wednesday"}],[{"_typeName":"Wednesday","id":"ck3c82dxt07op0123fw2y9wz8","fieldName":"timeDiscounts"},{"_typeName":"TimeDiscount","id":"ck3c86kzv07y30188ti2mra2m","fieldName":"wednesday"}],[{"_typeName":"Wednesday","id":"ck3c82pii07fn0106yi9aohbc","fieldName":"timeDiscounts"},{"_typeName":"TimeDiscount","id":"ck3c86kzv07y30188ti2mra2m","fieldName":"wednesday"}],[{"_typeName":"Wednesday","id":"ck3c82xvo07h201889cu2q6nt","fieldName":"timeDiscounts"},{"_typeName":"TimeDiscount","id":"ck3c86kzv07y30188ti2mra2m","fieldName":"wednesday"}],[{"_typeName":"Wednesday","id":"ck3c835vs07uq0190ww1hzw1u","fieldName":"timeDiscounts"},{"_typeName":"TimeDiscount","id":"ck3c86kzv07y30188ti2mra2m","fieldName":"wednesday"}],[{"_typeName":"Wednesday","id":"ck3c83dne07wc0190oev1lmht","fieldName":"timeDiscounts"},{"_typeName":"TimeDiscount","id":"ck3c86kzv07y30188ti2mra2m","fieldName":"wednesday"}],[{"_typeName":"Wednesday","id":"ck3c83lu607wr0151eb3lcnc4","fieldName":"timeDiscounts"},{"_typeName":"TimeDiscount","id":"ck3c86kzv07y30188ti2mra2m","fieldName":"wednesday"}],[{"_typeName":"Wednesday","id":"ck3c83t6u07z30156i39nw6tj","fieldName":"timeDiscounts"},{"_typeName":"TimeDiscount","id":"ck3c86kzv07y30188ti2mra2m","fieldName":"wednesday"}],[{"_typeName":"Wednesday","id":"ck3c8432607op0167u7n7icry","fieldName":"timeDiscounts"},{"_typeName":"TimeDiscount","id":"ck3c86kzv07y30188ti2mra2m","fieldName":"wednesday"}],[{"_typeName":"Wednesday","id":"ck3c84aj907ve0194fmyle2g9","fieldName":"timeDiscounts"},{"_typeName":"TimeDiscount","id":"ck3c86kzv07y30188ti2mra2m","fieldName":"wednesday"}],[{"_typeName":"Wednesday","id":"ck3c84hzf082y0156es7kpsok","fieldName":"timeDiscounts"},{"_typeName":"TimeDiscount","id":"ck3c86kzv07y30188ti2mra2m","fieldName":"wednesday"}],[{"_typeName":"Wednesday","id":"ck3c84ppt081s0123pxi2n5ht","fieldName":"timeDiscounts"},{"_typeName":"TimeDiscount","id":"ck3c86kzv07y30188ti2mra2m","fieldName":"wednesday"}],[{"_typeName":"Wednesday","id":"ck3c84y7d082o01232rsqh22s","fieldName":"timeDiscounts"},{"_typeName":"TimeDiscount","id":"ck3c86kzv07y30188ti2mra2m","fieldName":"wednesday"}],[{"_typeName":"Wednesday","id":"ck3c8565508700156v8vp2otv","fieldName":"timeDiscounts"},{"_typeName":"TimeDiscount","id":"ck3c86kzv07y30188ti2mra2m","fieldName":"wednesday"}],[{"_typeName":"Wednesday","id":"ck40n53g50slp01501wdlabaj","fieldName":"timeDiscounts"},{"_typeName":"TimeDiscount","id":"ck40ncrmu0tj90199x01fi7av","fieldName":"wednesday"}],[{"_typeName":"Wednesday","id":"ck40n5rqt0skz01006pk2nmks","fieldName":"timeDiscounts"},{"_typeName":"TimeDiscount","id":"ck40ncrmu0tj90199x01fi7av","fieldName":"wednesday"}],[{"_typeName":"Wednesday","id":"ck40n68950t3c01569emmxn67","fieldName":"timeDiscounts"},{"_typeName":"TimeDiscount","id":"ck40ncrmu0tj90199x01fi7av","fieldName":"wednesday"}],[{"_typeName":"Wednesday","id":"ck40n6j9w0ssh01500c4x2blh","fieldName":"timeDiscounts"},{"_typeName":"TimeDiscount","id":"ck40ncrmu0tj90199x01fi7av","fieldName":"wednesday"}],[{"_typeName":"Wednesday","id":"ck40n6r3e0t870100zrzd4v7s","fieldName":"timeDiscounts"},{"_typeName":"TimeDiscount","id":"ck40ncrmu0tj90199x01fi7av","fieldName":"wednesday"}],[{"_typeName":"Wednesday","id":"ck40n6zk90sis01611b7kgykt","fieldName":"timeDiscounts"},{"_typeName":"TimeDiscount","id":"ck40ncrmu0tj90199x01fi7av","fieldName":"wednesday"}],[{"_typeName":"Wednesday","id":"ck40n77m50sjx0161qw93gmrg","fieldName":"timeDiscounts"},{"_typeName":"TimeDiscount","id":"ck40ncrmu0tj90199x01fi7av","fieldName":"wednesday"}],[{"_typeName":"Wednesday","id":"ck40n7fnr0ssp0100jbpge4cn","fieldName":"timeDiscounts"},{"_typeName":"TimeDiscount","id":"ck40ncrmu0tj90199x01fi7av","fieldName":"wednesday"}],[{"_typeName":"Wednesday","id":"ck40n7nbf0tei0100eyvrddhd","fieldName":"timeDiscounts"},{"_typeName":"TimeDiscount","id":"ck40ncrmu0tj90199x01fi7av","fieldName":"wednesday"}],[{"_typeName":"Wednesday","id":"ck40n7vgu0snd0161dutm7vvi","fieldName":"timeDiscounts"},{"_typeName":"TimeDiscount","id":"ck40ncrmu0tj90199x01fi7av","fieldName":"wednesday"}],[{"_typeName":"Wednesday","id":"ck40n82wi0ssp01952dk5wooy","fieldName":"timeDiscounts"},{"_typeName":"TimeDiscount","id":"ck40ncrmu0tj90199x01fi7av","fieldName":"wednesday"}],[{"_typeName":"Wednesday","id":"ck40n8bf50tat0183iqpjjcrr","fieldName":"timeDiscounts"},{"_typeName":"TimeDiscount","id":"ck40ncrmu0tj90199x01fi7av","fieldName":"wednesday"}],[{"_typeName":"Wednesday","id":"ck40n8loe0th50150go8ia0xj","fieldName":"timeDiscounts"},{"_typeName":"TimeDiscount","id":"ck40ncrmu0tj90199x01fi7av","fieldName":"wednesday"}],[{"_typeName":"Wednesday","id":"ck40n8ufk0tgv0156ipkujqdg","fieldName":"timeDiscounts"},{"_typeName":"TimeDiscount","id":"ck40ncrmu0tj90199x01fi7av","fieldName":"wednesday"}],[{"_typeName":"Wednesday","id":"ck40n932u0sza0195fum15e60","fieldName":"timeDiscounts"},{"_typeName":"TimeDiscount","id":"ck40ncrmu0tj90199x01fi7av","fieldName":"wednesday"}],[{"_typeName":"Wednesday","id":"ck40n9dgt0tj60156e24yxy10","fieldName":"timeDiscounts"},{"_typeName":"TimeDiscount","id":"ck40ncrmu0tj90199x01fi7av","fieldName":"wednesday"}],[{"_typeName":"Wednesday","id":"ck40n9lb90tgo0183ck302wpy","fieldName":"timeDiscounts"},{"_typeName":"TimeDiscount","id":"ck40ncrmu0tj90199x01fi7av","fieldName":"wednesday"}],[{"_typeName":"Wednesday","id":"ck40n9tq60t2b0199byewa5mw","fieldName":"timeDiscounts"},{"_typeName":"TimeDiscount","id":"ck40ncrmu0tj90199x01fi7av","fieldName":"wednesday"}],[{"_typeName":"Wednesday","id":"ck40na1co0tjl0183bohcvou2","fieldName":"timeDiscounts"},{"_typeName":"TimeDiscount","id":"ck40ncrmu0tj90199x01fi7av","fieldName":"wednesday"}],[{"_typeName":"Wednesday","id":"ck40na9wj0tpc0156cvblcv75","fieldName":"timeDiscounts"},{"_typeName":"TimeDiscount","id":"ck40ncrmu0tj90199x01fi7av","fieldName":"wednesday"}],[{"_typeName":"Wednesday","id":"ck40nahgq0td30150lxr1uiid","fieldName":"timeDiscounts"},{"_typeName":"TimeDiscount","id":"ck40ncrmu0tj90199x01fi7av","fieldName":"wednesday"}],[{"_typeName":"Wednesday","id":"ck40naph50tsj0150lafqg4w1","fieldName":"timeDiscounts"},{"_typeName":"TimeDiscount","id":"ck40ncrmu0tj90199x01fi7av","fieldName":"wednesday"}],[{"_typeName":"Wednesday","id":"ck40naxh40t8x0199pf8nmznx","fieldName":"timeDiscounts"},{"_typeName":"TimeDiscount","id":"ck40ncrmu0tj90199x01fi7av","fieldName":"wednesday"}],[{"_typeName":"Wednesday","id":"ck40nb5ou0tuy0150ytlplr6b","fieldName":"timeDiscounts"},{"_typeName":"TimeDiscount","id":"ck40ncrmu0tj90199x01fi7av","fieldName":"wednesday"}],[{"_typeName":"Wednesday","id":"ck40nbdjg0t6b0161g8e2q9a1","fieldName":"timeDiscounts"},{"_typeName":"TimeDiscount","id":"ck40ncrmu0tj90199x01fi7av","fieldName":"wednesday"}],[{"_typeName":"Wednesday","id":"ck40oq1rl0zd90100fezsxokx","fieldName":"timeDiscounts"},{"_typeName":"TimeDiscount","id":"ck40p0piy10pc01950m75bhld","fieldName":"wednesday"}],[{"_typeName":"Wednesday","id":"ck40oqfzw0zh10150djingyat","fieldName":"timeDiscounts"},{"_typeName":"TimeDiscount","id":"ck40p0piy10pc01950m75bhld","fieldName":"wednesday"}],[{"_typeName":"Wednesday","id":"ck40ourk3108p0183j7kflj35","fieldName":"timeDiscounts"},{"_typeName":"TimeDiscount","id":"ck40p0piy10pc01950m75bhld","fieldName":"wednesday"}],[{"_typeName":"Wednesday","id":"ck40ouzz70zqk01617e7s5iuf","fieldName":"timeDiscounts"},{"_typeName":"TimeDiscount","id":"ck40p0piy10pc01950m75bhld","fieldName":"wednesday"}],[{"_typeName":"Wednesday","id":"ck40ov7b6100v01952desk78g","fieldName":"timeDiscounts"},{"_typeName":"TimeDiscount","id":"ck40p0piy10pc01950m75bhld","fieldName":"wednesday"}],[{"_typeName":"Wednesday","id":"ck40ovfeh10250199g365jo7o","fieldName":"timeDiscounts"},{"_typeName":"TimeDiscount","id":"ck40p0piy10pc01950m75bhld","fieldName":"wednesday"}],[{"_typeName":"Wednesday","id":"ck40ovnvd10350199ujnt8zs9","fieldName":"timeDiscounts"},{"_typeName":"TimeDiscount","id":"ck40p0piy10pc01950m75bhld","fieldName":"wednesday"}],[{"_typeName":"Wednesday","id":"ck40ovvm1103a0195xp5jz297","fieldName":"timeDiscounts"},{"_typeName":"TimeDiscount","id":"ck40p0piy10pc01950m75bhld","fieldName":"wednesday"}],[{"_typeName":"Wednesday","id":"ck40ow8ac10590199vwld1dnv","fieldName":"timeDiscounts"},{"_typeName":"TimeDiscount","id":"ck40p0piy10pc01950m75bhld","fieldName":"wednesday"}],[{"_typeName":"Wednesday","id":"ck40owfzd105j0150045lxvb3","fieldName":"timeDiscounts"},{"_typeName":"TimeDiscount","id":"ck40p0piy10pc01950m75bhld","fieldName":"wednesday"}],[{"_typeName":"Wednesday","id":"ck40owo0w10of01569lyp8fj5","fieldName":"timeDiscounts"},{"_typeName":"TimeDiscount","id":"ck40p0piy10pc01950m75bhld","fieldName":"wednesday"}],[{"_typeName":"Wednesday","id":"ck40owxpy10ph015653kbz7e5","fieldName":"timeDiscounts"},{"_typeName":"TimeDiscount","id":"ck40p0piy10pc01950m75bhld","fieldName":"wednesday"}],[{"_typeName":"Wednesday","id":"ck40ox60h109e01950irig0a5","fieldName":"timeDiscounts"},{"_typeName":"TimeDiscount","id":"ck40p0piy10pc01950m75bhld","fieldName":"wednesday"}],[{"_typeName":"Wednesday","id":"ck40oxdq610tz01001uj8tqlc","fieldName":"timeDiscounts"},{"_typeName":"TimeDiscount","id":"ck40p0piy10pc01950m75bhld","fieldName":"wednesday"}],[{"_typeName":"Wednesday","id":"ck40oxlxx10lf0183063xcrxw","fieldName":"timeDiscounts"},{"_typeName":"TimeDiscount","id":"ck40p0piy10pc01950m75bhld","fieldName":"wednesday"}],[{"_typeName":"Wednesday","id":"ck40oxttu10vu0100cfq54ln9","fieldName":"timeDiscounts"},{"_typeName":"TimeDiscount","id":"ck40p0piy10pc01950m75bhld","fieldName":"wednesday"}],[{"_typeName":"Wednesday","id":"ck40oy2c710sw0150831o7hgk","fieldName":"timeDiscounts"},{"_typeName":"TimeDiscount","id":"ck40p0piy10pc01950m75bhld","fieldName":"wednesday"}],[{"_typeName":"Wednesday","id":"ck40oy9li10ee0199xkzt5ih7","fieldName":"timeDiscounts"},{"_typeName":"TimeDiscount","id":"ck40p0piy10pc01950m75bhld","fieldName":"wednesday"}],[{"_typeName":"Wednesday","id":"ck40oyi2l10os0183dsltbcpc","fieldName":"timeDiscounts"},{"_typeName":"TimeDiscount","id":"ck40p0piy10pc01950m75bhld","fieldName":"wednesday"}],[{"_typeName":"Wednesday","id":"ck40oypa810fk01955x420349","fieldName":"timeDiscounts"},{"_typeName":"TimeDiscount","id":"ck40p0piy10pc01950m75bhld","fieldName":"wednesday"}],[{"_typeName":"Wednesday","id":"ck40oyxnx10gh0195cbmecgj2","fieldName":"timeDiscounts"},{"_typeName":"TimeDiscount","id":"ck40p0piy10pc01950m75bhld","fieldName":"wednesday"}],[{"_typeName":"Wednesday","id":"ck40oz4t010ha0195v0m66ay7","fieldName":"timeDiscounts"},{"_typeName":"TimeDiscount","id":"ck40p0piy10pc01950m75bhld","fieldName":"wednesday"}],[{"_typeName":"Wednesday","id":"ck40ozejw10ik0195eay65jdt","fieldName":"timeDiscounts"},{"_typeName":"TimeDiscount","id":"ck40p0piy10pc01950m75bhld","fieldName":"wednesday"}],[{"_typeName":"Wednesday","id":"ck40ozmpf10l10150ci9u9piw","fieldName":"timeDiscounts"},{"_typeName":"TimeDiscount","id":"ck40p0piy10pc01950m75bhld","fieldName":"wednesday"}]]}