{"valueType":"nodes","values":[{"_typeName":"User","id":"ck3ohlwsz1awr0132bzkgm12p","updatedAt":"2019-12-02T13:46:37.000Z","facebookID":"103524573613523942840","email":"ankur1161@gmail.com","firstname":"Ankur","lastname":"Rathi","installLocation":"Indore","userPromoCount":0,"createdAt":"2019-12-02T13:46:32.000Z","typeAccess":"user","totalOrders":0,"contactSync":false,"isBlocked":false},{"_typeName":"User","id":"ck3oi7pzc1fe50115lwpfxeqg","updatedAt":"2019-12-02T14:03:30.000Z","facebookID":"1152952224894709","email":"akshatv@rocketmail.com","firstname":"Akshat","lastname":"Verma","userPromoCount":0,"createdAt":"2019-12-02T14:03:30.000Z","typeAccess":"user","totalOrders":0,"contactSync":false,"isBlocked":false},{"_typeName":"User","id":"ck3pmuele0rla0175hx5jbjk8","updatedAt":"2019-12-03T09:04:11.000Z","facebookID":"111326009771668779355","email":"sakshizayn@gmail.com","firstname":"sakshi","currentLocation":"Indore","lastname":"jariya","installLocation":"Indore","userPromoCount":0,"createdAt":"2019-12-03T09:00:53.000Z","typeAccess":"user","totalOrders":0,"contactSync":false,"isBlocked":false},{"_typeName":"User","id":"ck3prwc6l08hh0115mb8ssa89","updatedAt":"2019-12-03T11:22:32.000Z","facebookID":"1931940840285695","email":"alpesh9099@gmail.com","firstname":"Alpesh","lastname":"Chauhan","installLocation":"Delhi","userPromoCount":0,"createdAt":"2019-12-03T11:22:21.000Z","typeAccess":"user","totalOrders":0,"contactSync":false,"isBlocked":false},{"_typeName":"User","id":"ck3pu1sat0q4k0183c1uek3oa","updatedAt":"2019-12-03T12:22:35.000Z","facebookID":"2555032297951148","email":"pari_wizard2007@yahoo.com","firstname":"Paridhi","lastname":"Agrawal","userPromoCount":0,"createdAt":"2019-12-03T12:22:35.000Z","typeAccess":"user","totalOrders":0,"contactSync":false,"isBlocked":false},{"_typeName":"User","id":"ck3pzg69l1zkk0195t6pd47dk","updatedAt":"2019-12-03T14:53:50.000Z","facebookID":"109086628432369298681","email":"radhiika1507@gmail.com","firstname":"Radhika","lastname":"Gupta","installLocation":"Delhi","userPromoCount":0,"createdAt":"2019-12-03T14:53:44.000Z","typeAccess":"user","totalOrders":0,"contactSync":false,"isBlocked":false},{"_typeName":"User","id":"ck3q8xs9605tc0118ka18nbaw","updatedAt":"2019-12-07T03:57:52.000Z","facebookID":"106228564721753184358","email":"shahzebshahkhan66387@gmail.com","firstname":"Shahzeb shah","currentLocation":"Kota","lastname":"Khan","installLocation":"Jaipur","userPromoCount":0,"createdAt":"2019-12-03T19:19:22.000Z","typeAccess":"user","totalOrders":0,"contactSync":false,"isBlocked":false},{"_typeName":"User","id":"ck3qx8gsi16yu0171u4hxxt4v","updatedAt":"2019-12-04T14:30:15.000Z","facebookID":"757963997964418","firstname":"Tushar","currentLocation":"Jaipur","lastname":"Paul","installLocation":"Jaipur","userPromoCount":0,"createdAt":"2019-12-04T06:39:31.000Z","typeAccess":"user","totalOrders":1,"contactSync":false,"isBlocked":false},{"_typeName":"User","id":"ck3r42f1u1cee016974hutrpl","updatedAt":"2019-12-04T09:50:55.000Z","facebookID":"104514754695219009163","email":"rajeshjain7117@gmail.com","firstname":"Rajesh","lastname":"Jain","installLocation":"Indore","userPromoCount":0,"createdAt":"2019-12-04T09:50:46.000Z","typeAccess":"user","totalOrders":0,"contactSync":false,"isBlocked":false},{"_typeName":"User","id":"ck3r7j8fm09b301338gytc71p","updatedAt":"2019-12-04T11:31:04.000Z","facebookID":"3181167401953213","email":"ginni4_u@yahoo.co.in","firstname":"Hitesh","lastname":"Ramani","installLocation":"Indore","userPromoCount":0,"createdAt":"2019-12-04T11:27:50.000Z","typeAccess":"user","totalOrders":0,"contactSync":false,"isBlocked":false},{"_typeName":"User","id":"ck3rd81610m2x0131ajf9diqz","updatedAt":"2019-12-04T14:22:30.000Z","facebookID":"103219805658709286843","email":"itzchirag29@gmail.com","firstname":"Chirag","currentLocation":"Indore","lastname":"Gupta","installLocation":"Indore","userPromoCount":0,"createdAt":"2019-12-04T14:07:05.000Z","typeAccess":"user","totalOrders":0,"contactSync":false,"isBlocked":false},{"_typeName":"User","id":"ck3ri4m8h0o7b0115gmfdq6h9","updatedAt":"2019-12-04T16:24:53.000Z","facebookID":"2752739868109574","email":"aarizim77@hotmail.com","firstname":"Imran","lastname":"Imr","installLocation":"Bhopal","userPromoCount":0,"createdAt":"2019-12-04T16:24:24.000Z","typeAccess":"user","totalOrders":0,"contactSync":false,"isBlocked":false},{"_typeName":"User","id":"ck3snctxt0b140166udbmkx02","updatedAt":"2019-12-05T11:44:35.000Z","facebookID":"108461372304740310800","email":"pramod24475@gmail.com","firstname":"Pramod","currentLocation":"Jaipur","lastname":"Kumar","installLocation":"Jaipur","userPromoCount":0,"createdAt":"2019-12-05T11:38:31.000Z","typeAccess":"user","totalOrders":0,"contactSync":false,"isBlocked":false},{"_typeName":"User","id":"ck3sp0i7x0mae0186hpdlc192","updatedAt":"2019-12-05T12:25:00.000Z","facebookID":"114677888217581908074","email":"yashobhit25@gmail.com","firstname":"Yashobhit","lastname":"Bhadoriya","installLocation":"Indore","userPromoCount":0,"createdAt":"2019-12-05T12:24:55.000Z","typeAccess":"user","totalOrders":0,"contactSync":false,"isBlocked":false},{"_typeName":"User","id":"ck3sq9gkw0ufz016672whfqos","updatedAt":"2019-12-07T11:52:40.000Z","facebookID":"111136076403216369236","email":"baliaditya58@gmail.com","firstname":"Aditya","currentLocation":"Ujjain","lastname":"Bali","installLocation":"Indore","userPromoCount":0,"createdAt":"2019-12-05T12:59:53.000Z","typeAccess":"user","totalOrders":0,"contactSync":false,"isBlocked":false},{"_typeName":"User","id":"ck3sv0k0703yn0159g8hgpbyy","updatedAt":"2019-12-05T15:12:59.000Z","facebookID":"2822386161107079","email":"lokesh9252@gmail.com","firstname":"Lokesh","lastname":"Sharma","installLocation":"Jaipur","userPromoCount":0,"createdAt":"2019-12-05T15:12:55.000Z","typeAccess":"user","totalOrders":0,"contactSync":false,"isBlocked":false},{"_typeName":"User","id":"ck3szo23p13mp0138eoos2ry5","updatedAt":"2019-12-05T17:23:44.000Z","facebookID":"103406512552182738643","email":"shrishti527@gmail.com","firstname":"Shrishti","lastname":"singh","installLocation":"Jaipur","userPromoCount":0,"createdAt":"2019-12-05T17:23:10.000Z","typeAccess":"user","totalOrders":0,"contactSync":false,"isBlocked":false},{"_typeName":"User","id":"ck3ty29ud10p30126jrp7d973","updatedAt":"2019-12-06T09:29:06.000Z","facebookID":"2056916711078004","email":"gauravbansal2023@gmail.com","firstname":"Gaurav","currentLocation":"Jaipur","lastname":"Bansal","userPromoCount":0,"createdAt":"2019-12-06T09:26:01.000Z","typeAccess":"user","totalOrders":0,"contactSync":false,"isBlocked":false},{"_typeName":"User","id":"ck3u0xn271jvo0193xwgkjz45","updatedAt":"2019-12-06T10:46:33.000Z","facebookID":"117193394788643794351","email":"aniketeatigo13@gmail.com","firstname":"Aniket","lastname":"Singh","installLocation":"Delhi","userPromoCount":0,"createdAt":"2019-12-06T10:46:23.000Z","typeAccess":"user","totalOrders":0,"contactSync":false,"isBlocked":false},{"_typeName":"User","id":"ck3u6bodo1pxj0106rlgrsqnq","updatedAt":"2019-12-06T13:17:25.000Z","facebookID":"105544677777631735156","email":"walunjabhijeet007@gmail.com","firstname":"Abhijeet","lastname":"Walunj","installLocation":"Jaipur","userPromoCount":0,"createdAt":"2019-12-06T13:17:16.000Z","typeAccess":"user","totalOrders":0,"contactSync":false,"isBlocked":false},{"_typeName":"User","id":"ck3v4p75h0mu20130x5x76ouq","updatedAt":"2019-12-07T05:23:03.000Z","facebookID":"102558483010280242817","email":"muskaaaaaangupta1030@gmail.com","firstname":"Muskan","currentLocation":"Indore","lastname":"Gupta","installLocation":"Indore","userPromoCount":0,"createdAt":"2019-12-07T05:19:34.000Z","typeAccess":"user","totalOrders":0,"contactSync":false,"isBlocked":false},{"_typeName":"User","id":"ck3vad8gf09m801013dg3951e","updatedAt":"2019-12-07T08:05:47.000Z","facebookID":"2903525356326518","email":"upendraranjan@gmail.com","firstname":"Upendra","currentLocation":"Indore","lastname":"Ranjan","userPromoCount":0,"createdAt":"2019-12-07T07:58:14.000Z","typeAccess":"user","totalOrders":0,"contactSync":false,"isBlocked":false},{"_typeName":"User","id":"ck3vdhk210pwu0125rgtirvke","updatedAt":"2019-12-07T11:39:36.000Z","facebookID":"114746978971057179065","email":"harshraghuvanshi7999@gmail.com","firstname":"Raghuvanshi","currentLocation":"Indore","lastname":"Harsh","installLocation":"Indore","userPromoCount":0,"createdAt":"2019-12-07T09:25:34.000Z","typeAccess":"user","totalOrders":1,"contactSync":false,"isBlocked":false},{"_typeName":"User","id":"ck3veci150u990124g3ss51e4","updatedAt":"2019-12-07T09:49:45.000Z","facebookID":"110547382898059918839","email":"dipeshmarmat581@gmail.com","firstname":"Dipesh","lastname":"Marmat","installLocation":"Indore","userPromoCount":0,"createdAt":"2019-12-07T09:49:38.000Z","typeAccess":"user","totalOrders":0,"contactSync":false,"isBlocked":false},{"_typeName":"User","id":"ck3viqid30bj70199myjc6imk","updatedAt":"2019-12-09T09:36:45.000Z","facebookID":"106906416450266165558","email":"sonamgupta9510@gmail.com","firstname":"Sonam","currentLocation":"Indore","lastname":"Gupta","installLocation":"Indore","userPromoCount":0,"createdAt":"2019-12-07T11:52:30.000Z","typeAccess":"user","totalOrders":1,"contactSync":false,"isBlocked":false},{"_typeName":"User","id":"ck3vn188c0wpp0145iuz9ry1u","updatedAt":"2019-12-07T13:52:55.000Z","facebookID":"118111920333071164840","email":"anishsinghyy239@gmail.com","firstname":"Anish","lastname":"Singh","installLocation":"Indore","userPromoCount":0,"createdAt":"2019-12-07T13:52:48.000Z","typeAccess":"user","totalOrders":0,"contactSync":false,"isBlocked":false},{"_typeName":"User","id":"ck3vo3vym12f0014173bytk02","updatedAt":"2019-12-07T16:48:38.000Z","facebookID":"112683478180061796488","email":"gunjanban13@gmail.com","firstname":"gunjan","currentLocation":"Bhopal","lastname":"bansal","installLocation":"Indore","userPromoCount":0,"createdAt":"2019-12-07T14:22:52.000Z","typeAccess":"user","totalOrders":0,"contactSync":false,"isBlocked":false},{"_typeName":"User","id":"ck3vuh2cd0v9t0169db560zfz","updatedAt":"2019-12-07T17:21:11.000Z","facebookID":"104669574449149155405","email":"dhruv9680988165@gmail.com","firstname":"Dhruv","lastname":"Agarwal","installLocation":"Jaipur","userPromoCount":0,"createdAt":"2019-12-07T17:21:05.000Z","typeAccess":"user","totalOrders":0,"contactSync":false,"isBlocked":false},{"_typeName":"User","id":"ck3w1hbcy0k0a0118npm1xalz","updatedAt":"2019-12-07T20:37:26.000Z","facebookID":"112944650195949445801","email":"bas951735@gmail.com","firstname":"Baris","lastname":"Bas","installLocation":"Indore","userPromoCount":0,"createdAt":"2019-12-07T20:37:14.000Z","typeAccess":"user","totalOrders":0,"contactSync":false,"isBlocked":false},{"_typeName":"User","id":"ck3wgw6ii08sm0125nexreipa","updatedAt":"2019-12-11T14:32:42.000Z","facebookID":"10158299880175676","email":"lincoln@wellsdistrict.com","firstname":"Lincoln","currentLocation":"Midland County","lastname":"Wells","userPromoCount":0,"createdAt":"2019-12-08T03:48:41.000Z","typeAccess":"user","totalOrders":0,"contactSync":false,"isBlocked":false},{"_typeName":"User","id":"ck3wqis5w0deg0124fwne3d7p","updatedAt":"2019-12-08T08:18:12.000Z","facebookID":"2825652874132483","email":"drpiyushsoni@rediffmail.com","firstname":"Piyush","lastname":"Soni","userPromoCount":0,"createdAt":"2019-12-08T08:18:12.000Z","typeAccess":"user","totalOrders":0,"contactSync":false,"isBlocked":false},{"_typeName":"User","id":"ck3wu7dpl0zmq0169l2nzud2w","updatedAt":"2019-12-08T10:23:38.000Z","facebookID":"100657668474955831397","email":"pradyumnamittal@gmail.com","firstname":"Pradyumna","currentLocation":"Indore","lastname":"Mittal","installLocation":"Indore","userPromoCount":0,"createdAt":"2019-12-08T10:01:19.000Z","typeAccess":"user","totalOrders":1,"contactSync":false,"isBlocked":false},{"_typeName":"User","id":"ck3wxp9wx08kt01108182t1gp","updatedAt":"2019-12-08T11:39:13.000Z","facebookID":"uf9rirrjxt4uetobfq","email":"uf9rirrjxt4uetobfq@reno.in","firstname":"Guest","lastname":"User","userPromoCount":0,"createdAt":"2019-12-08T11:39:13.000Z","typeAccess":"user","totalOrders":0,"contactSync":false,"isBlocked":false},{"_typeName":"User","id":"ck3wyj5rz0ddj01833jvskrz7","updatedAt":"2019-12-08T12:02:41.000Z","facebookID":"100761808620727396096","email":"nikunjgrover10493@gmail.com","firstname":"nikunj","lastname":"grover","installLocation":"Delhi","userPromoCount":0,"createdAt":"2019-12-08T12:02:27.000Z","typeAccess":"user","totalOrders":0,"contactSync":false,"isBlocked":false},{"_typeName":"User","id":"ck3x29mcc0zmu0183ozhznogb","updatedAt":"2019-12-08T13:47:06.000Z","facebookID":"117102542995977221174","email":"ajspecial123456@gmail.com","firstname":"arihant","lastname":"jain","installLocation":"Indore","userPromoCount":0,"createdAt":"2019-12-08T13:47:00.000Z","typeAccess":"user","totalOrders":0,"contactSync":false,"isBlocked":false},{"_typeName":"User","id":"ck3x55njl027i0100auk16f5v","updatedAt":"2019-12-08T15:08:00.000Z","facebookID":"1757346217777005","email":"abhijain1418@gmail.com","firstname":"Pranav","lastname":"Jain","installLocation":"Indore","userPromoCount":0,"createdAt":"2019-12-08T15:07:54.000Z","typeAccess":"user","totalOrders":0,"contactSync":false,"isBlocked":false},{"_typeName":"User","id":"ck3xbuaa014id01563u35dj17","updatedAt":"2019-12-08T18:15:06.000Z","facebookID":"102947830527819285858","email":"nileshsharm6@gmail.com","firstname":"Nilesh","lastname":"Sharma","installLocation":"Indore","userPromoCount":0,"createdAt":"2019-12-08T18:15:01.000Z","typeAccess":"user","totalOrders":0,"contactSync":false,"isBlocked":false},{"_typeName":"User","id":"ck3y5ycvj0lug0171djvyghuj","updatedAt":"2019-12-12T19:55:17.000Z","facebookID":"115346178858922007032","email":"akshatlovable@gmail.com","firstname":"akshat","currentLocation":"Jaipur","lastname":"jain","installLocation":"Jaipur","userPromoCount":0,"createdAt":"2019-12-09T08:17:59.000Z","typeAccess":"user","totalOrders":0,"contactSync":false,"isBlocked":false},{"_typeName":"User","id":"ck3y69thg0pgl0174jkzx9kj9","updatedAt":"2019-12-09T08:27:02.000Z","facebookID":"113684374260199590571","email":"rachitsimply@gmail.com","firstname":"Rachit","lastname":"Dureja","installLocation":"Jaipur","userPromoCount":0,"createdAt":"2019-12-09T08:26:54.000Z","typeAccess":"user","totalOrders":0,"contactSync":false,"isBlocked":false},{"_typeName":"User","id":"ck3y8sxud19fi0115f7g4rwe8","updatedAt":"2019-12-09T09:37:58.000Z","facebookID":"467921434142877","firstname":"Hulesh Kumar","lastname":"Sahu","installLocation":"Jaipur","userPromoCount":0,"createdAt":"2019-12-09T09:37:46.000Z","typeAccess":"user","totalOrders":0,"contactSync":false,"isBlocked":false},{"_typeName":"User","id":"ck3ya2w6b1kgw0115g7lxjwkp","updatedAt":"2019-12-09T10:13:37.000Z","facebookID":"112207829101081024953","email":"saharan.3216@gmail.com","firstname":"sahil","lastname":"choudhary","installLocation":"Jaipur","userPromoCount":0,"createdAt":"2019-12-09T10:13:30.000Z","typeAccess":"user","totalOrders":0,"contactSync":false,"isBlocked":false},{"_typeName":"User","id":"ck3ydhzm40fqx017704p2nyfc","updatedAt":"2019-12-10T19:29:23.000Z","facebookID":"117154612474781679618","email":"tohidahmed13@gmail.com","firstname":"Tohid","currentLocation":"Indore","lastname":"Ahmed","installLocation":"Indore","userPromoCount":0,"createdAt":"2019-12-09T11:49:13.000Z","typeAccess":"user","totalOrders":0,"contactSync":false,"isBlocked":false},{"_typeName":"User","id":"ck3ydqup40j220176l7wzal36","updatedAt":"2019-12-09T14:21:54.000Z","facebookID":"117167969759390445637","email":"surekhawagh73@gmail.com","firstname":"Surekha","currentLocation":"Indore","lastname":"Wagh","installLocation":"Indore","userPromoCount":0,"createdAt":"2019-12-09T11:56:06.000Z","typeAccess":"user","totalOrders":0,"contactSync":false,"isBlocked":false},{"_typeName":"User","id":"ck3yk9b96009s01239pxzft4u","updatedAt":"2019-12-09T14:58:33.000Z","facebookID":"114406163976802583244","email":"mehulmandliya08@gmail.com","firstname":"Mehul","lastname":"Mandliya","installLocation":"Indore","userPromoCount":0,"createdAt":"2019-12-09T14:58:25.000Z","typeAccess":"user","totalOrders":0,"contactSync":false,"isBlocked":false},{"_typeName":"User","id":"ck3ypep9915xw0149vxax5wse","updatedAt":"2019-12-09T17:22:48.000Z","facebookID":"107456366666431008333","email":"danielmanossomanosso@gmail.com","firstname":"Daniel manosso","lastname":"Manosso","installLocation":"Indore","userPromoCount":0,"createdAt":"2019-12-09T17:22:35.000Z","typeAccess":"user","totalOrders":0,"contactSync":false,"isBlocked":false},{"_typeName":"User","id":"ck3zcuc6w0f3a01994j2y4e2f","updatedAt":"2019-12-10T04:18:41.000Z","facebookID":"3558359827522438","email":"sofie.marie72@outlook.com","firstname":"Sophia","lastname":"Mata","installLocation":"Indore","userPromoCount":0,"createdAt":"2019-12-10T04:18:35.000Z","typeAccess":"user","totalOrders":0,"contactSync":false,"isBlocked":false},{"_typeName":"User","id":"ck4010uh80ayd0160dwvvkqfb","updatedAt":"2019-12-10T15:35:38.000Z","facebookID":"111768311598257947885","email":"annujaathr60@gmail.com","firstname":"Annu","lastname":"Jaat","installLocation":"Delhi","userPromoCount":0,"createdAt":"2019-12-10T15:35:30.000Z","typeAccess":"user","totalOrders":0,"contactSync":false,"isBlocked":false},{"_typeName":"User","id":"ck40ws9t013gv01907ksssq50","updatedAt":"2019-12-11T06:24:38.000Z","facebookID":"213637072979605","email":"dominatorsuraj@gmail.com","firstname":"Deepak","lastname":"Nanda","userPromoCount":0,"createdAt":"2019-12-11T06:24:38.000Z","typeAccess":"user","totalOrders":0,"contactSync":false,"isBlocked":false},{"_typeName":"User","id":"ck414eyg718mf0186pra9ldz6","updatedAt":"2019-12-11T09:58:23.000Z","facebookID":"112798555477453997844","email":"deepkh683@gmail.com","firstname":"Deepanshu","lastname":"Khandelwal","installLocation":"Indore","userPromoCount":0,"createdAt":"2019-12-11T09:58:13.000Z","typeAccess":"user","totalOrders":0,"contactSync":false,"isBlocked":false},{"_typeName":"User","id":"ck41684551loj0114jjzxlhgo","updatedAt":"2019-12-11T10:49:12.000Z","facebookID":"116428311249337830054","email":"pranjali.3898@gmail.com","firstname":"Pranjali","lastname":"Katiyar","installLocation":"Indore","userPromoCount":0,"createdAt":"2019-12-11T10:48:53.000Z","typeAccess":"user","totalOrders":0,"contactSync":false,"isBlocked":false},{"_typeName":"User","id":"ck417hfe906fe0113c7u7zqws","updatedAt":"2019-12-11T11:24:15.000Z","facebookID":"2606345966150558","email":"parthdoshi90@hotmail.com","firstname":"Parth","lastname":"Doshi","installLocation":"Delhi","userPromoCount":0,"createdAt":"2019-12-11T11:24:07.000Z","typeAccess":"user","totalOrders":0,"contactSync":false,"isBlocked":false},{"_typeName":"User","id":"ck417tt5j08u80145axcxzukr","updatedAt":"2019-12-17T13:45:39.000Z","facebookID":"2368267213484476","email":"kabirsinghania412@gmail.com","firstname":"Chöcĺãtÿ","currentLocation":"Jaipur","lastname":"Kãbîr","userPromoCount":0,"createdAt":"2019-12-11T11:33:45.000Z","typeAccess":"user","totalOrders":1,"contactSync":false,"isBlocked":false},{"_typeName":"User","id":"ck41dkvzu00ov0194isfsuj7y","updatedAt":"2019-12-11T14:14:55.000Z","facebookID":"117387115438334831930","email":"kumarnavin0777@gmail.com","firstname":"24/7","lastname":"tech help","installLocation":"Jaipur","userPromoCount":0,"createdAt":"2019-12-11T14:14:47.000Z","typeAccess":"user","totalOrders":0,"contactSync":false,"isBlocked":false},{"_typeName":"User","id":"ck41efxxh1nze0189bp4mvi7s","updatedAt":"2019-12-11T15:27:01.000Z","facebookID":"104075972648764507093","email":"sonaalbansal@gmail.com","firstname":"sonaal","currentLocation":"Indore","lastname":"bansal","installLocation":"Indore","userPromoCount":0,"createdAt":"2019-12-11T14:38:55.000Z","typeAccess":"user","totalOrders":0,"contactSync":false,"isBlocked":false},{"_typeName":"User","id":"ck41iaste0r4401332kr6hgx2","updatedAt":"2019-12-11T16:26:54.000Z","facebookID":"112059479311855618744","email":"trivedi.girish@gmail.com","firstname":"Girish","lastname":"Trivedi","userPromoCount":0,"createdAt":"2019-12-11T16:26:54.000Z","typeAccess":"user","totalOrders":0,"contactSync":false,"isBlocked":false},{"_typeName":"User","id":"ck41jpbk0145u0127ccwwvan7","updatedAt":"2019-12-11T17:06:21.000Z","facebookID":"2809418495775502","email":"ringmaster16@sbcglobal.net","firstname":"Keith","lastname":"Baluran","installLocation":"Indore","userPromoCount":0,"createdAt":"2019-12-11T17:06:11.000Z","typeAccess":"user","totalOrders":0,"contactSync":false,"isBlocked":false},{"_typeName":"User","id":"ck42azif50q0p0193kz6cxw69","updatedAt":"2019-12-12T05:50:51.000Z","facebookID":"109890848724672068206","email":"ajaybapui000@gmail.com","firstname":"Ajay","currentLocation":"Jaipur","lastname":"Meena","installLocation":"Jaipur","userPromoCount":0,"createdAt":"2019-12-12T05:49:56.000Z","typeAccess":"user","totalOrders":0,"contactSync":false,"isBlocked":false},{"_typeName":"User","id":"ck42cbzx10wmu0154bo7resej","updatedAt":"2019-12-12T06:53:24.000Z","facebookID":"109060175939312095505","email":"vishalkaundarwal1@gmail.com","firstname":"vishal","currentLocation":"Jaipur","lastname":"kaundarwal","installLocation":"Jaipur","userPromoCount":0,"createdAt":"2019-12-12T06:27:38.000Z","typeAccess":"user","totalOrders":1,"contactSync":false,"isBlocked":false},{"_typeName":"User","id":"ck42jaif110ou0166oa4k0j36","updatedAt":"2019-12-12T09:42:26.000Z","facebookID":"111843904317722642228","email":"punkstar317@gmail.com","firstname":"punk","lastname":"star","userPromoCount":0,"createdAt":"2019-12-12T09:42:26.000Z","typeAccess":"user","totalOrders":0,"contactSync":false,"isBlocked":false},{"_typeName":"User","id":"ck42lnp4s1h6t0137gag24ftl","updatedAt":"2019-12-13T14:43:47.000Z","facebookID":"571315463646709","firstname":"Rajat","currentLocation":"Indore","lastname":"Yadav","userPromoCount":0,"createdAt":"2019-12-12T10:48:41.000Z","typeAccess":"user","totalOrders":3,"contactSync":false,"isBlocked":false},{"_typeName":"User","id":"ck42mqnxs05tg01965kmzvy8g","updatedAt":"2019-12-21T13:41:07.000Z","facebookID":"107821913436681031494","email":"hardikdua0107@gmail.com","firstname":"Death","currentLocation":"Jaipur","lastname":"Gaming","installLocation":"Jaipur","userPromoCount":0,"createdAt":"2019-12-12T11:18:59.000Z","typeAccess":"user","totalOrders":0,"contactSync":false,"isBlocked":false},{"_typeName":"User","id":"ck42pylm50s8r01230ssuqu1d","updatedAt":"2019-12-12T12:49:19.000Z","facebookID":"114424792671164458685","email":"aakansha.agarwal04@gmail.com","firstname":"aakansha","lastname":"agarwal","installLocation":"Indore","userPromoCount":0,"createdAt":"2019-12-12T12:49:08.000Z","typeAccess":"user","totalOrders":0,"contactSync":false,"isBlocked":false},{"_typeName":"User","id":"ck42ufz3f1pzr0193a3s05qhl","updatedAt":"2019-12-12T15:10:57.000Z","facebookID":"100704374550960098924","email":"tanmay.kakkad512@gmail.com","firstname":"tanmay","currentLocation":"Indore","lastname":"kakkad","installLocation":"Indore","userPromoCount":0,"createdAt":"2019-12-12T14:54:37.000Z","typeAccess":"user","totalOrders":0,"contactSync":false,"isBlocked":false},{"_typeName":"User","id":"ck42z9z1e0xf401094ffb8nlp","updatedAt":"2019-12-12T17:10:01.000Z","facebookID":"115104188629014786944","email":"vibhujain96@gmail.com","firstname":"Vibhu","lastname":"Jain","installLocation":"Delhi","userPromoCount":0,"createdAt":"2019-12-12T17:09:55.000Z","typeAccess":"user","totalOrders":0,"contactSync":false,"isBlocked":false},{"_typeName":"User","id":"ck43upmtc0blj01453k38qc9x","updatedAt":"2019-12-13T12:44:13.000Z","facebookID":"2624604924321133","email":"srivastava.jubin@gmail.com","firstname":"Jubin","currentLocation":"Jaipur","lastname":"Srivastava","userPromoCount":0,"createdAt":"2019-12-13T07:49:54.000Z","typeAccess":"user","totalOrders":0,"contactSync":false,"isBlocked":false},{"_typeName":"User","id":"ck43xmme50v1c01873dkmz8el","updatedAt":"2019-12-13T09:11:32.000Z","facebookID":"ih1iz2ygei5g237uwy","email":"ih1iz2ygei5g237uwy@reno.in","firstname":"Guest","lastname":"User","userPromoCount":0,"createdAt":"2019-12-13T09:11:32.000Z","typeAccess":"user","totalOrders":0,"contactSync":false,"isBlocked":false},{"_typeName":"User","id":"ck43y2eia0xww0118lz6ksv25","updatedAt":"2019-12-14T03:50:42.000Z","facebookID":"2379890688789372","email":"kpkrishanpal9@gmail.com","firstname":"Krishnapal","currentLocation":"Dewas","lastname":"Singh","installLocation":"Indore","userPromoCount":0,"createdAt":"2019-12-13T09:23:48.000Z","typeAccess":"user","totalOrders":0,"contactSync":false,"isBlocked":false},{"_typeName":"User","id":"ck445var80vlv0187p0ne60h0","updatedAt":"2019-12-15T14:51:23.000Z","facebookID":"100698284884223408926","email":"samarthdagor@gmail.com","firstname":"Samarth","currentLocation":"Indore","lastname":"Dagor","installLocation":"Indore","userPromoCount":0,"createdAt":"2019-12-13T13:02:14.000Z","typeAccess":"user","totalOrders":0,"contactSync":false,"isBlocked":false},{"_typeName":"User","id":"ck446rld011ya0156pbrkg60x","updatedAt":"2019-12-18T16:44:59.000Z","facebookID":"2447433808716779","email":"bharat1nankani@gmail.com","firstname":"Bharat","currentLocation":"Mandsaur","lastname":"Nankani","userPromoCount":0,"createdAt":"2019-12-13T13:27:21.000Z","typeAccess":"user","totalOrders":2,"contactSync":false,"isBlocked":false},{"_typeName":"User","id":"ck44kavk809ar0127gx9zykzi","updatedAt":"2019-12-14T10:26:39.000Z","facebookID":"117440195881351360927","email":"michael26091988@gmail.com","firstname":"pravesh","currentLocation":"Jaipur","lastname":"michael","installLocation":"Jaipur","userPromoCount":0,"createdAt":"2019-12-13T19:46:15.000Z","typeAccess":"user","totalOrders":0,"contactSync":false,"isBlocked":false},{"_typeName":"User","id":"ck45g9wgx11s70102y5fxpm18","updatedAt":"2019-12-14T10:41:28.000Z","facebookID":"115175983326669997492","email":"mohammedamjhera432@gmail.com","firstname":"Mohammed","lastname":"Amjhera","installLocation":"Indore","userPromoCount":0,"createdAt":"2019-12-14T10:41:17.000Z","typeAccess":"user","totalOrders":0,"contactSync":false,"isBlocked":false},{"_typeName":"User","id":"ck45io3hz0d7y01203wjumqfc","updatedAt":"2019-12-14T11:48:25.000Z","facebookID":"104934451115754365600","email":"cutekt06@gmail.com","firstname":"karishma","lastname":"thakur","installLocation":"Indore","userPromoCount":0,"createdAt":"2019-12-14T11:48:19.000Z","typeAccess":"user","totalOrders":0,"contactSync":false,"isBlocked":false},{"_typeName":"User","id":"ck45kyubf0rev0147qvn1wumk","updatedAt":"2019-12-14T12:52:54.000Z","facebookID":"106910051675249568689","email":"subhashakbari160@gmail.com","firstname":"Subhash","lastname":"Akbari","installLocation":"Delhi","userPromoCount":0,"createdAt":"2019-12-14T12:52:40.000Z","typeAccess":"user","totalOrders":0,"contactSync":false,"isBlocked":false},{"_typeName":"User","id":"ck45rn9y10djv0141tvr1oman","updatedAt":"2019-12-14T16:14:06.000Z","facebookID":"118377961662082426863","email":"nitishchaturvedi94@gmail.com","firstname":"Nitish","currentLocation":"Indore","lastname":"Chaturvedi","installLocation":"Indore","userPromoCount":0,"createdAt":"2019-12-14T15:59:37.000Z","typeAccess":"user","totalOrders":0,"contactSync":false,"isBlocked":false},{"_typeName":"User","id":"ck46056m90atm0165jz9aqw2y","updatedAt":"2019-12-14T19:57:39.000Z","facebookID":"106822185353415725005","email":"nimmaabhi55@gmail.com","firstname":"Åßhî Røçk","lastname":"Står","installLocation":"Indore","userPromoCount":0,"createdAt":"2019-12-14T19:57:30.000Z","typeAccess":"user","totalOrders":0,"contactSync":false,"isBlocked":false},{"_typeName":"User","id":"ck46l9ohn0ly60127nbm4uush","updatedAt":"2019-12-15T06:30:19.000Z","facebookID":"109218674178544933264","email":"chiku22malviya@gmail.com","firstname":"Palak","currentLocation":"Indore","lastname":"Malviya","installLocation":"Indore","userPromoCount":0,"createdAt":"2019-12-15T05:48:51.000Z","typeAccess":"user","totalOrders":0,"contactSync":false,"isBlocked":false},{"_typeName":"User","id":"ck46oxp69057y0172ntoindax","updatedAt":"2019-12-15T10:37:29.000Z","facebookID":"771402420041188","firstname":"Pranjali","currentLocation":"Indore","lastname":"Tiwari","userPromoCount":0,"createdAt":"2019-12-15T07:31:31.000Z","typeAccess":"user","totalOrders":1,"contactSync":false,"isBlocked":false},{"_typeName":"User","id":"ck46pne8708y601725fp1g4sj","updatedAt":"2019-12-15T07:53:03.000Z","facebookID":"104653461804424992619","email":"anshul050701@gmail.com","firstname":"ANSHUL","lastname":"SHARMA","installLocation":"Indore","userPromoCount":0,"createdAt":"2019-12-15T07:51:30.000Z","typeAccess":"user","totalOrders":1,"contactSync":false,"isBlocked":false},{"_typeName":"User","id":"ck46rijwj0hup01722h9tzk1f","updatedAt":"2019-12-15T13:43:32.000Z","facebookID":"1247113945499957","email":"rishabhchitale@gmail.com","firstname":"Rishabh","currentLocation":"Indore","lastname":"Chitle","userPromoCount":0,"createdAt":"2019-12-15T08:43:43.000Z","typeAccess":"user","totalOrders":0,"contactSync":false,"isBlocked":false},{"_typeName":"User","id":"ck472isyo12xn0196i1cw05ep","updatedAt":"2019-12-15T13:51:56.000Z","facebookID":"101331640165593748622","email":"surbhibhasin26@gmail.com","firstname":"Surbhi","lastname":"Bhasin","installLocation":"Indore","userPromoCount":0,"createdAt":"2019-12-15T13:51:51.000Z","typeAccess":"user","totalOrders":0,"contactSync":false,"isBlocked":false},{"_typeName":"User","id":"ck478xemy0pqc0149sb3yrvzf","updatedAt":"2019-12-16T02:29:46.000Z","facebookID":"106132036675097966999","email":"rudrakshparmar1@gmail.com","firstname":"Rudraksh","currentLocation":"Jaipur","lastname":"Parmar","installLocation":"Jaipur","userPromoCount":0,"createdAt":"2019-12-15T16:51:10.000Z","typeAccess":"user","totalOrders":0,"contactSync":false,"isBlocked":false},{"_typeName":"User","id":"ck48k8pqd1o7s0183a8z3h4j0","updatedAt":"2019-12-16T14:59:51.000Z","facebookID":"110082327069681557888","email":"jitendrajat52341@gmail.com","firstname":"Jitendra","currentLocation":"Jaipur","lastname":"Jat","installLocation":"Jaipur","userPromoCount":0,"createdAt":"2019-12-16T14:55:39.000Z","typeAccess":"user","totalOrders":1,"contactSync":false,"isBlocked":false},{"_typeName":"User","id":"ck48n8scy0q0w0179zzy6gez6","updatedAt":"2019-12-16T16:19:47.000Z","facebookID":"105868894743690073934","email":"radhika.soni733@gmail.com","firstname":"radhika","lastname":"soni","installLocation":"Indore","userPromoCount":0,"createdAt":"2019-12-16T16:19:41.000Z","typeAccess":"user","totalOrders":0,"contactSync":false,"isBlocked":false},{"_typeName":"User","id":"ck48o1s4m0w1n012793xm1y8z","updatedAt":"2019-12-16T16:42:14.000Z","facebookID":"1239111932966525","email":"rohitrssoni5@gmail.com","firstname":"Rohit","lastname":"Soni","userPromoCount":0,"createdAt":"2019-12-16T16:42:14.000Z","typeAccess":"user","totalOrders":0,"contactSync":false,"isBlocked":false},{"_typeName":"User","id":"ck49l8t130gxn0158u0dscuzt","updatedAt":"2019-12-17T08:11:42.000Z","facebookID":"116233636629325543604","email":"abhinavmadhsu@gmail.com","firstname":"Abhinav","lastname":"Abhi","installLocation":"Jaipur","userPromoCount":0,"createdAt":"2019-12-17T08:11:29.000Z","typeAccess":"user","totalOrders":0,"contactSync":false,"isBlocked":false},{"_typeName":"User","id":"ck49nwmpy0z9j01234kn2go6t","updatedAt":"2019-12-17T09:26:02.000Z","facebookID":"1903446473132158","email":"iam2lonely@gmail.com","firstname":"Yogi","lastname":"Yogi","installLocation":"Indore","userPromoCount":0,"createdAt":"2019-12-17T09:26:00.000Z","typeAccess":"user","totalOrders":0,"contactSync":false,"isBlocked":false},{"_typeName":"User","id":"ck49scs7f0aij0149625jhfx5","updatedAt":"2019-12-17T11:50:28.000Z","facebookID":"110232548332721071622","email":"ashishingle1313@gmail.com","firstname":"Ashish","currentLocation":"Indore","lastname":"Ingle","installLocation":"Indore","userPromoCount":0,"createdAt":"2019-12-17T11:30:32.000Z","typeAccess":"user","totalOrders":0,"contactSync":false,"isBlocked":false},{"_typeName":"User","id":"ck49u2zo20pkt0104wwwq9w1w","updatedAt":"2019-12-17T12:19:01.000Z","facebookID":"109451264889436060864","email":"gargrohan248@gmail.com","firstname":"Rohan","lastname":"Garg","installLocation":"Delhi","userPromoCount":0,"createdAt":"2019-12-17T12:18:54.000Z","typeAccess":"user","totalOrders":0,"contactSync":false,"isBlocked":false},{"_typeName":"User","id":"ck49vbr5s10m00151v9b2y52i","updatedAt":"2019-12-17T12:54:00.000Z","facebookID":"104498530042340389820","email":"angelmanubansal96@gmail.com","firstname":"Manu","lastname":"Bansal","installLocation":"Delhi","userPromoCount":0,"createdAt":"2019-12-17T12:53:43.000Z","typeAccess":"user","totalOrders":0,"contactSync":false,"isBlocked":false},{"_typeName":"User","id":"ck49w51xu15oc0104pg6t19zs","updatedAt":"2019-12-17T13:18:20.000Z","facebookID":"106049349235595691686","email":"sameerverma7808@gmail.com","firstname":"Sameer","lastname":"Verma","installLocation":"Jaipur","userPromoCount":0,"createdAt":"2019-12-17T13:16:30.000Z","typeAccess":"user","totalOrders":0,"contactSync":false,"isBlocked":false},{"_typeName":"User","id":"ck49wi5v318kf01038jlf0elk","updatedAt":"2019-12-17T13:26:41.000Z","facebookID":"1175268375992753","email":"sharmashyam715@gmail.com","firstname":"Shyãm","lastname":"Shârmä","userPromoCount":0,"createdAt":"2019-12-17T13:26:41.000Z","typeAccess":"user","totalOrders":0,"contactSync":false,"isBlocked":false},{"_typeName":"User","id":"ck4bck71j163u0128l2nos3l5","updatedAt":"2019-12-18T13:44:04.000Z","facebookID":"101814512848880330129","email":"tanzimhussainn@gmail.com","firstname":"tanzim","lastname":"hussain","installLocation":"Jaipur","userPromoCount":0,"createdAt":"2019-12-18T13:43:56.000Z","typeAccess":"user","totalOrders":0,"contactSync":false,"isBlocked":false},{"_typeName":"User","id":"ck4bi93t70oei0157117ikcmb","updatedAt":"2019-12-18T16:23:23.000Z","facebookID":"104520173579750987032","email":"lakshyaagarwal1997@gmail.com","firstname":"Lakshya","lastname":"Agarwal","installLocation":"Jaipur","userPromoCount":0,"createdAt":"2019-12-18T16:23:17.000Z","typeAccess":"user","totalOrders":0,"contactSync":false,"isBlocked":false},{"_typeName":"User","id":"ck4bptq380foi01188jkkrgmz","updatedAt":"2019-12-18T19:55:38.000Z","facebookID":"115912810430594991926","email":"simumenghani@gmail.com","firstname":"Shruti","lastname":"Menghani","installLocation":"Bhopal","userPromoCount":0,"createdAt":"2019-12-18T19:55:16.000Z","typeAccess":"user","totalOrders":0,"contactSync":false,"isBlocked":false},{"_typeName":"User","id":"ck4cfe6fv0caf0110y2sqp4uo","updatedAt":"2019-12-19T07:51:10.000Z","facebookID":"111579705906009704588","email":"vip.snn@gmail.com","firstname":"vipul","lastname":"sinha","installLocation":"Bhopal","userPromoCount":0,"createdAt":"2019-12-19T07:51:01.000Z","typeAccess":"user","totalOrders":0,"contactSync":false,"isBlocked":false},{"_typeName":"User","id":"ck4cg75ef0j0x0199g74i9xso","updatedAt":"2019-12-19T08:13:36.000Z","facebookID":"2642542152494236","email":"zaplou9@gmail.com","firstname":"Marcus","lastname":"Gaite","installLocation":"Jaipur","userPromoCount":0,"createdAt":"2019-12-19T08:13:32.000Z","typeAccess":"user","totalOrders":0,"contactSync":false,"isBlocked":false},{"_typeName":"User","id":"ck4cgzayr0nyr0122v5uvyilp","updatedAt":"2019-12-19T08:35:31.000Z","facebookID":"110813774865421876094","email":"siddharthbihani@gmail.com","firstname":"Siddharth","lastname":"Bihani","installLocation":"Jaipur","userPromoCount":0,"createdAt":"2019-12-19T08:35:26.000Z","typeAccess":"user","totalOrders":0,"contactSync":false,"isBlocked":false},{"_typeName":"User","id":"ck4cz1p180uz601851g30rpfw","updatedAt":"2019-12-21T10:56:37.000Z","facebookID":"105068598745493590636","email":"dubeysakshi25@gmail.com","firstname":"sakshi","currentLocation":"Indore","lastname":"dubey","installLocation":"Indore","userPromoCount":0,"createdAt":"2019-12-19T17:01:11.000Z","typeAccess":"user","totalOrders":0,"contactSync":false,"isBlocked":false},{"_typeName":"User","id":"ck4czrzlc10qf0186asugusjq","updatedAt":"2019-12-19T17:22:39.000Z","facebookID":"112537090015442481003","email":"rekhawadhwani69@gmail.com","firstname":"rekha","lastname":"wadhwani","installLocation":"Jaipur","userPromoCount":0,"createdAt":"2019-12-19T17:21:37.000Z","typeAccess":"user","totalOrders":0,"contactSync":false,"isBlocked":false},{"_typeName":"User","id":"ck4d5sm840h480106g90rvs0d","updatedAt":"2019-12-19T20:10:04.000Z","facebookID":"114058151677805025738","email":"shashwathmohan@gmail.com","firstname":"Shashwath","lastname":"Mohan","userPromoCount":0,"createdAt":"2019-12-19T20:10:04.000Z","typeAccess":"user","totalOrders":0,"contactSync":false,"isBlocked":false},{"_typeName":"User","id":"ck4dsevsu0zdq0135qeyg441g","updatedAt":"2019-12-20T06:43:15.000Z","facebookID":"2568181093297672","email":"shreyashchavan27@gmail.com","firstname":"Shreyash","lastname":"Chavan","userPromoCount":0,"createdAt":"2019-12-20T06:43:15.000Z","typeAccess":"user","totalOrders":0,"contactSync":false,"isBlocked":false},{"_typeName":"User","id":"ck4du46n806z301757q5i6vqi","updatedAt":"2019-12-20T12:24:31.000Z","facebookID":"107463441607135296688","email":"bookingsuyash@gmail.com","firstname":"Suyash","currentLocation":"Indore","lastname":"Booking","installLocation":"Indore","userPromoCount":0,"createdAt":"2019-12-20T07:30:55.000Z","typeAccess":"user","totalOrders":1,"contactSync":false,"isBlocked":false},{"_typeName":"User","id":"ck4dx9z8i0qsz0186qyonl5y7","updatedAt":"2019-12-20T08:59:30.000Z","facebookID":"106916083529271724580","email":"ritikajaiswal41@gmail.com","firstname":"ritika","lastname":"jaiswal","installLocation":"Jaipur","userPromoCount":0,"createdAt":"2019-12-20T08:59:24.000Z","typeAccess":"user","totalOrders":0,"contactSync":false,"isBlocked":false},{"_typeName":"User","id":"ck4e1wskb03760178uvemvp3u","updatedAt":"2019-12-20T11:09:07.000Z","facebookID":"ibjqhyfzbs7ahs7n4k","email":"ibjqhyfzbs7ahs7n4k@reno.in","firstname":"Guest","lastname":"User","userPromoCount":0,"createdAt":"2019-12-20T11:09:07.000Z","typeAccess":"user","totalOrders":0,"contactSync":false,"isBlocked":false},{"_typeName":"User","id":"ck4e3ny530eg60156euvqwqkb","updatedAt":"2019-12-20T11:58:18.000Z","facebookID":"115201251555370999434","email":"lokeshkataria92@gmail.com","firstname":"lokesh","lastname":"kataria","installLocation":"Indore","userPromoCount":0,"createdAt":"2019-12-20T11:58:13.000Z","typeAccess":"user","totalOrders":0,"contactSync":false,"isBlocked":false},{"_typeName":"User","id":"ck4e3yi4x0gdt0188wjgwirq3","updatedAt":"2019-12-20T12:06:26.000Z","facebookID":"1187038624825901","email":"tim.borse768@gmail.com","firstname":"Rachita","lastname":"Borse","userPromoCount":0,"createdAt":"2019-12-20T12:06:26.000Z","typeAccess":"user","totalOrders":0,"contactSync":false,"isBlocked":false},{"_typeName":"User","id":"ck4ed85ka0obu01766f5x1pne","updatedAt":"2019-12-20T16:26:12.000Z","facebookID":"107788981317897424153","email":"samkulnamaste@gmail.com","firstname":"Leena","lastname":"Kulkarni","installLocation":"Delhi","userPromoCount":0,"createdAt":"2019-12-20T16:25:53.000Z","typeAccess":"user","totalOrders":0,"contactSync":false,"isBlocked":false},{"_typeName":"User","id":"ck4eehorm0wz10184mxct6pzk","updatedAt":"2019-12-20T17:01:21.000Z","facebookID":"3288812524490016","email":"akshanshakshanshmehra@gmail.com","firstname":"Adv Akshansh","lastname":"Mehra","installLocation":"Indore","userPromoCount":0,"createdAt":"2019-12-20T17:01:17.000Z","typeAccess":"user","totalOrders":0,"contactSync":false,"isBlocked":false},{"_typeName":"User","id":"ck4efxo1b16p50184fufng47i","updatedAt":"2019-12-20T17:41:49.000Z","facebookID":"1811398552338046","email":"shreyashraj21@gmail.com","firstname":"Shreyash","lastname":"Raj","installLocation":"Delhi","userPromoCount":0,"createdAt":"2019-12-20T17:41:42.000Z","typeAccess":"user","totalOrders":0,"contactSync":false,"isBlocked":false},{"_typeName":"User","id":"ck4eiiq8l1lwd0176ooelhsc4","updatedAt":"2019-12-20T18:54:12.000Z","facebookID":"107049438382936594906","email":"pasricha.harsh420@gmail.com","firstname":"harsh","lastname":"pasricha","installLocation":"Delhi","userPromoCount":0,"createdAt":"2019-12-20T18:54:04.000Z","typeAccess":"user","totalOrders":0,"contactSync":false,"isBlocked":false},{"_typeName":"User","id":"ck4f2t5da0ddn0133b4cyhti3","updatedAt":"2019-12-21T04:23:10.000Z","facebookID":"111179606596771153902","email":"maheshwarikrittika16@gmail.com","firstname":"krittika","lastname":"maheshwari","installLocation":"Jaipur","userPromoCount":0,"createdAt":"2019-12-21T04:22:03.000Z","typeAccess":"user","totalOrders":0,"contactSync":false,"isBlocked":false},{"_typeName":"User","id":"ck4f5xfe40o010103u7hiblwx","updatedAt":"2019-12-21T05:49:21.000Z","facebookID":"214248889605623","firstname":"Poonam","lastname":"Vishwakarma","userPromoCount":0,"createdAt":"2019-12-21T05:49:21.000Z","typeAccess":"user","totalOrders":0,"contactSync":false,"isBlocked":false},{"_typeName":"User","id":"ck4fg60hv0xs20195no7b60c8","updatedAt":"2019-12-21T10:36:05.000Z","facebookID":"103248186613880788929","email":"prestige.mayank@gmail.com","firstname":"mayank","lastname":"gupta","installLocation":"Indore","userPromoCount":0,"createdAt":"2019-12-21T10:35:58.000Z","typeAccess":"user","totalOrders":0,"contactSync":false,"isBlocked":false},{"_typeName":"User","id":"ck4fmrg7t0vb30188psst3pk6","updatedAt":"2019-12-21T13:40:42.000Z","facebookID":"114345614453170408801","email":"shahmitul86.ms@gmail.com","firstname":"Mitul","lastname":"Shah","installLocation":"Jaipur","userPromoCount":0,"createdAt":"2019-12-21T13:40:36.000Z","typeAccess":"user","totalOrders":0,"contactSync":false,"isBlocked":false},{"_typeName":"User","id":"ck4fns68d10s60192ozpex5ni","updatedAt":"2019-12-21T16:25:38.000Z","facebookID":"113867137851492653764","email":"jai82020@gmail.com","firstname":"Jai","lastname":"J v","installLocation":"Jaipur","userPromoCount":0,"createdAt":"2019-12-21T14:09:09.000Z","typeAccess":"user","totalOrders":1,"contactSync":false,"isBlocked":false},{"_typeName":"User","id":"ck4fp63fc17t10192ul9jfpej","updatedAt":"2019-12-22T13:17:45.000Z","facebookID":"111726167424527336035","email":"lunia.anita@gmail.com","firstname":"Dr. Anita","currentLocation":"Jaipur","lastname":"Lunia","installLocation":"Jaipur","userPromoCount":0,"createdAt":"2019-12-21T14:47:58.000Z","typeAccess":"user","totalOrders":0,"contactSync":false,"isBlocked":false},{"_typeName":"User","id":"ck4fp77hf18830130egdinb8d","updatedAt":"2019-12-21T15:17:35.000Z","facebookID":"100964025797751273025","email":"rkdshreyansh@gmail.com","firstname":"Shreyansh","currentLocation":"Indore","lastname":"Jain","installLocation":"Indore","userPromoCount":0,"createdAt":"2019-12-21T14:48:50.000Z","typeAccess":"user","totalOrders":0,"contactSync":false,"isBlocked":false},{"_typeName":"User","id":"ck4fvhjdh12j50187ntfhb1wl","updatedAt":"2019-12-21T17:44:50.000Z","facebookID":"107914592297470267168","email":"msurti3159@gmail.com","firstname":"Meet","lastname":"Surti","userPromoCount":0,"createdAt":"2019-12-21T17:44:50.000Z","typeAccess":"user","totalOrders":0,"contactSync":false,"isBlocked":false},{"_typeName":"User","id":"ck4gxymt207e501470tpi5rbv","updatedAt":"2019-12-22T11:42:00.000Z","facebookID":"1820811538063706","email":"niluraghuwanshi@gmail.com","firstname":"Neelu","lastname":"Raghuwanshi","installLocation":"Indore","userPromoCount":0,"createdAt":"2019-12-22T11:41:53.000Z","typeAccess":"user","totalOrders":0,"contactSync":false,"isBlocked":false},{"_typeName":"User","id":"ck4h0r2ul0lck0157om1diq2c","updatedAt":"2019-12-22T13:35:21.000Z","facebookID":"115855991227423865648","email":"pandeyrajat15798@gmail.com","firstname":"rajat","currentLocation":"Hoshangabad","lastname":"pandey","userPromoCount":0,"createdAt":"2019-12-22T12:59:59.000Z","typeAccess":"user","totalOrders":0,"contactSync":false,"isBlocked":false},{"_typeName":"User","id":"ck4h2ivca0vw00169n16uefq6","updatedAt":"2019-12-22T13:49:43.000Z","facebookID":"112165958159385662715","email":"parmarkshitij40@gmail.com","firstname":"KSHITIJ","lastname":"PRAKHAR","installLocation":"Indore","userPromoCount":0,"createdAt":"2019-12-22T13:49:35.000Z","typeAccess":"user","totalOrders":0,"contactSync":false,"isBlocked":false},{"_typeName":"User","id":"ck4hsr1ls0qkl0186ltsu9e2v","updatedAt":"2019-12-23T02:06:34.000Z","facebookID":"1035241606828103","firstname":"Suresh Banna","currentLocation":"Udaipur","lastname":"Dungri","userPromoCount":0,"createdAt":"2019-12-23T02:03:47.000Z","typeAccess":"user","totalOrders":0,"contactSync":false,"isBlocked":false},{"_typeName":"User","id":"ck4i2gkp60vi90180xqbcodvj","updatedAt":"2019-12-23T06:35:45.000Z","facebookID":"109531053482054694273","email":"shivasmisharma86231@gmail.com","firstname":"Shivasmi","lastname":"Sharma","installLocation":"Jaipur","userPromoCount":0,"createdAt":"2019-12-23T06:35:34.000Z","typeAccess":"user","totalOrders":0,"contactSync":false,"isBlocked":false},{"_typeName":"User","id":"ck4i57ar309bb016660tuxeoi","updatedAt":"2019-12-23T07:52:27.000Z","facebookID":"112175525796914418247","email":"mahajan.aashi1505@gmail.com","firstname":"Aashi","lastname":"Mahajan","installLocation":"Indore","userPromoCount":0,"createdAt":"2019-12-23T07:52:21.000Z","typeAccess":"user","totalOrders":0,"contactSync":false,"isBlocked":false},{"_typeName":"User","id":"ck4ikbclb9zdj09224kvfexqz","updatedAt":"2019-12-23T14:55:24.287Z","facebookID":"32455465","firstname":"vikram","lastname":"singh","userPromoCount":0,"createdAt":"2019-12-23T14:55:24.287Z","typeAccess":"user","totalOrders":0,"contactSync":false,"isBlocked":false},{"_typeName":"User","id":"ck4jynx71qu0q0993nh9szgvj","updatedAt":"2019-12-25T07:06:29.477Z","facebookID":"4567890ytrefghjkl","email":"S@gmail.com","firstname":"sfe","premiumStartDate":"2019-12-25T07:06:28.252Z","lastname":"sfe","premiumExpireDate":"2020-03-24T07:06:28.252Z","userPromoCount":0,"createdAt":"2019-12-24T14:24:51.661Z","typeAccess":"user","totalOrders":0,"contactSync":false,"isBlocked":false},{"_typeName":"User","id":"ckelv5gr9nyge0a32lhg9j3k9","updatedAt":"2020-09-02T20:59:10.101Z","facebookID":"100293458486551","email":"hr@goreno.in","firstname":"Gho","lastname":"Gfg","installLocation":"Indore","userPromoCount":0,"createdAt":"2020-09-02T20:59:07.413Z","typeAccess":"user","totalOrders":0,"contactSync":false,"isBlocked":false},{"_typeName":"User","id":"ckelv8tcnlbh70a35kuuz16pd","updatedAt":"2020-09-02T21:01:46.568Z","facebookID":"100407555004551030664","email":"sgsjsjjsgahabs@gmail.com","firstname":"Gahabs","lastname":"Sgsjsjjs","installLocation":"Jaipur","userPromoCount":0,"createdAt":"2020-09-02T21:01:43.703Z","typeAccess":"user","totalOrders":0,"contactSync":false,"isBlocked":false},{"_typeName":"User","id":"ckm23tzolj9q109134u5p2ojr","updatedAt":"2021-03-09T14:24:23.781Z","facebookID":"100585599020186023156","email":"tusharlock10@gmail.com","firstname":"Tushar","lastname":"Jain","userPromoCount":0,"createdAt":"2021-03-09T14:24:23.781Z","typeAccess":"user","totalOrders":0,"contactSync":false,"isBlocked":false},{"_typeName":"User","id":"ckm3b3xyt6sig0a32u5uxstf2","updatedAt":"2021-03-10T10:35:51.605Z","facebookID":"1608369159353343","email":"tusharlock10@gmail.com","firstname":"Tushar","lastname":"Jain","userPromoCount":0,"createdAt":"2021-03-10T10:35:51.605Z","typeAccess":"user","totalOrders":0,"contactSync":false,"isBlocked":false},{"_typeName":"UserReviews","id":"cjiutk7q47u5601978kzuze2i","review":"This cafe is one of the best cafe's I have been into. With Reno, I got discount of 40%. I will refer Reno and this cafe to everyone.","updatedAt":"2018-06-27T15:22:20.000Z","rating":5,"createdAt":"2018-06-25T22:13:57.000Z"},{"_typeName":"UserReviews","id":"cjjf2mft12ugm0171043fj5zl","review":"","updatedAt":"2018-07-10T02:23:01.000Z","rating":5,"createdAt":"2018-07-10T02:23:01.000Z"},{"_typeName":"UserReviews","id":"cjjf2mo3wbfs20189f8ndd6og","review":"","updatedAt":"2018-07-10T02:23:11.000Z","rating":5,"createdAt":"2018-07-10T02:23:11.000Z"},{"_typeName":"UserReviews","id":"cjjf2nhfk1tkc0182h2jjg34v","review":"","updatedAt":"2018-07-10T02:23:49.000Z","rating":5,"createdAt":"2018-07-10T02:23:49.000Z"},{"_typeName":"UserReviews","id":"cjjf2no3b2u8y0138uj9oblv1","review":"","updatedAt":"2018-07-10T02:23:58.000Z","rating":5,"createdAt":"2018-07-10T02:23:58.000Z"},{"_typeName":"UserReviews","id":"cjjf2nx01bfy70189yy3j794b","review":"","updatedAt":"2018-07-10T02:24:09.000Z","rating":5,"createdAt":"2018-07-10T02:24:09.000Z"},{"_typeName":"UserReviews","id":"cjjf2o3z32hxh0169vmh1d5pp","review":"","updatedAt":"2018-07-10T02:24:18.000Z","rating":5,"createdAt":"2018-07-10T02:24:18.000Z"},{"_typeName":"UserReviews","id":"cjjf2obqk2hyf0169vfnjx1yb","review":"","updatedAt":"2018-07-10T02:24:29.000Z","rating":5,"createdAt":"2018-07-10T02:24:29.000Z"},{"_typeName":"UserReviews","id":"cjjf2oj1u23ul0145xb13i5zx","review":"","updatedAt":"2018-07-10T02:24:38.000Z","rating":5,"createdAt":"2018-07-10T02:24:38.000Z"},{"_typeName":"UserReviews","id":"cjklk6j2t1vsg0140bkg3cjgl","review":"","updatedAt":"2018-08-08T20:00:51.000Z","rating":1,"createdAt":"2018-08-08T20:00:51.000Z"},{"_typeName":"UserReviews","id":"cjlf0y8kk1vr80117rij9f7tp","review":"Once we began ordering food, the person incharge there came and said that the café is no longer associated with Reno and thus won't be able to give us the promised discount. On being asked if we could talk to the owner he very blatantly denied and asked us to walk away.","updatedAt":"2018-08-29T10:55:36.000Z","rating":1,"createdAt":"2018-08-29T10:55:36.000Z"},{"_typeName":"UserReviews","id":"cjlqzojxs0l7p0139ui1zkgx5","review":"Good bar!","updatedAt":"2018-09-06T19:53:19.000Z","rating":5,"createdAt":"2018-09-06T19:53:19.000Z"},{"_typeName":"UserReviews","id":"cjlvrs0h20hv00156e2s5xw76","review":"","updatedAt":"2018-09-10T04:10:54.000Z","rating":5,"createdAt":"2018-09-10T04:10:54.000Z"},{"_typeName":"UserReviews","id":"cjmhdyjkz03dp01089eo7k40e","review":"","updatedAt":"2018-09-25T07:15:00.000Z","rating":1,"createdAt":"2018-09-25T07:15:00.000Z"},{"_typeName":"UserReviews","id":"cjmj8t90324jo0171ez9daiwz","review":"","updatedAt":"2018-09-26T14:26:28.000Z","rating":5,"createdAt":"2018-09-26T14:26:28.000Z"},{"_typeName":"UserReviews","id":"cjml2duv516rt0113fibhthhk","review":"","updatedAt":"2018-09-27T21:02:05.000Z","rating":5,"createdAt":"2018-09-27T21:02:05.000Z"},{"_typeName":"UserReviews","id":"cjml2eb3p168a0103a40iqt0p","review":"Nice","updatedAt":"2018-09-27T21:02:25.000Z","rating":5,"createdAt":"2018-09-27T21:02:25.000Z"},{"_typeName":"UserReviews","id":"cjml2ej6d16s40173aioc3wto","review":"","updatedAt":"2018-09-27T21:02:36.000Z","rating":5,"createdAt":"2018-09-27T21:02:36.000Z"},{"_typeName":"UserReviews","id":"cjml2eyqd16z10105y1jsc59p","review":"Awesome place","updatedAt":"2018-09-27T21:02:56.000Z","rating":5,"createdAt":"2018-09-27T21:02:56.000Z"},{"_typeName":"UserReviews","id":"cjmuvskte16hj0124ficmoh5t","review":"The person here is rude and won't understand the terms of Reno, either Reno failed in guiding them or Restaurant's. Anyway, never go via booking with Reno. The staff, or responsible person is completely unaware about it.","updatedAt":"2018-10-04T17:55:15.000Z","rating":1,"createdAt":"2018-10-04T17:55:15.000Z"},{"_typeName":"UserReviews","id":"cjne6kz0p0yuo0113kvhxa9l4","review":"","updatedAt":"2018-10-18T06:04:54.000Z","rating":5,"createdAt":"2018-10-18T06:04:54.000Z"},{"_typeName":"UserReviews","id":"cjne6l0sy0y9f01964b6ems87","review":"","updatedAt":"2018-10-18T06:04:56.000Z","rating":1,"createdAt":"2018-10-18T06:04:56.000Z"},{"_typeName":"UserReviews","id":"cjnod0csc0qgk0176phvyuhoi","review":"","updatedAt":"2018-10-25T09:02:31.000Z","rating":5,"createdAt":"2018-10-25T09:02:31.000Z"},{"_typeName":"UserReviews","id":"cjnzn3dom11bw0124ju8te253","review":"","updatedAt":"2018-11-02T06:30:16.000Z","rating":5,"createdAt":"2018-11-02T06:30:16.000Z"},{"_typeName":"UserReviews","id":"cjnzn3i0b15cb0126fkkb6851","review":"","updatedAt":"2018-11-02T06:30:22.000Z","rating":1,"createdAt":"2018-11-02T06:30:22.000Z"},{"_typeName":"UserReviews","id":"cjnzn3kxp15n90140h4823e7t","review":"","updatedAt":"2018-11-02T06:30:25.000Z","rating":1,"createdAt":"2018-11-02T06:30:25.000Z"},{"_typeName":"UserReviews","id":"cjo09cpmt0t1f0189km9teeow","review":"","updatedAt":"2018-11-02T16:53:23.000Z","rating":5,"createdAt":"2018-11-02T16:53:23.000Z"},{"_typeName":"UserReviews","id":"cjo71usf9001k0116908l557a","review":"Nice ambiance...best Rooftop Restaurant... delicious FOOD... specially Paneer takatak sabji...and Butter Khichdi with Tadka...","updatedAt":"2018-11-07T10:58:03.000Z","rating":5,"createdAt":"2018-11-07T10:58:03.000Z"},{"_typeName":"UserReviews","id":"cjohb0ccu03e30102kutkngqe","review":"","updatedAt":"2018-11-14T15:11:50.000Z","rating":5,"createdAt":"2018-11-14T15:11:50.000Z"},{"_typeName":"UserReviews","id":"cjokde16s1aq30178q7wrfcsz","review":"delicious and Tasty food ","updatedAt":"2018-11-16T18:41:47.000Z","rating":5,"createdAt":"2018-11-16T18:41:47.000Z"},{"_typeName":"UserReviews","id":"cjokdepwk1b1h011782q9tr8w","review":"Good","updatedAt":"2018-11-16T18:42:19.000Z","rating":5,"createdAt":"2018-11-16T18:42:19.000Z"},{"_typeName":"UserReviews","id":"cjokdf8qi1bmz01197uyox276","review":"","updatedAt":"2018-11-16T18:42:43.000Z","rating":5,"createdAt":"2018-11-16T18:42:43.000Z"},{"_typeName":"UserReviews","id":"cjokdhaxk1b180163aiewtu3z","review":"Sandwich and pizza so yummy","updatedAt":"2018-11-16T18:44:19.000Z","rating":5,"createdAt":"2018-11-16T18:44:19.000Z"},{"_typeName":"UserReviews","id":"cjokdij641bg901178xq82392","review":"Good","updatedAt":"2018-11-16T18:45:17.000Z","rating":5,"createdAt":"2018-11-16T18:45:17.000Z"},{"_typeName":"UserReviews","id":"cjoqogn5r0fss01000g5yh5i1","review":"","updatedAt":"2018-11-21T04:38:23.000Z","rating":1,"createdAt":"2018-11-21T04:38:23.000Z"},{"_typeName":"UserReviews","id":"cjoqogp440fxz0139liyn8pi2","review":"","updatedAt":"2018-11-21T04:38:24.000Z","rating":5,"createdAt":"2018-11-21T04:38:24.000Z"},{"_typeName":"UserReviews","id":"cjox3fxq40esq01369elhl4in","review":"","updatedAt":"2018-11-25T16:24:20.000Z","rating":5,"createdAt":"2018-11-25T16:24:20.000Z"},{"_typeName":"UserReviews","id":"cjoy5x30l1mtd01365rjfxvqd","review":"","updatedAt":"2018-11-26T10:21:25.000Z","rating":1,"createdAt":"2018-11-26T10:21:25.000Z"},{"_typeName":"UserReviews","id":"cjp0n437t0cwy01054vjzpj9h","review":"","updatedAt":"2018-11-28T03:58:18.000Z","rating":1,"createdAt":"2018-11-28T03:58:18.000Z"},{"_typeName":"UserReviews","id":"cjp0w7c7h0fld0108zpkut2u2","review":"","updatedAt":"2018-11-28T08:12:46.000Z","rating":5,"createdAt":"2018-11-28T08:12:46.000Z"},{"_typeName":"UserReviews","id":"cjp0w7gzu0fqa01001a07iie8","review":"","updatedAt":"2018-11-28T08:12:52.000Z","rating":1,"createdAt":"2018-11-28T08:12:52.000Z"},{"_typeName":"UserReviews","id":"cjp51siy811jc0144ka1d3cbx","review":"","updatedAt":"2018-12-01T06:00:17.000Z","rating":1,"createdAt":"2018-12-01T06:00:17.000Z"},{"_typeName":"UserReviews","id":"cjp6rktjm1dxi0152quzug28x","review":"","updatedAt":"2018-12-02T10:49:54.000Z","rating":5,"createdAt":"2018-12-02T10:49:54.000Z"},{"_typeName":"UserReviews","id":"cjp6rl5ja1dqw0164fkfoaspq","review":"","updatedAt":"2018-12-02T10:50:09.000Z","rating":1,"createdAt":"2018-12-02T10:50:09.000Z"},{"_typeName":"UserReviews","id":"cjp6rldk41eb401283v3opcrk","review":"","updatedAt":"2018-12-02T10:50:20.000Z","rating":1,"createdAt":"2018-12-02T10:50:20.000Z"},{"_typeName":"UserReviews","id":"cjp7p9xxb15cr0141yd2ie246","review":"Worst cafe. So many cockroaches in the outlet. I don't undertand how they serve food in this unhygenic place. I've seen several tiny and big cockroaches there. ","updatedAt":"2018-12-03T02:33:13.000Z","rating":1,"createdAt":"2018-12-03T02:33:13.000Z"},{"_typeName":"UserReviews","id":"cjp9n25xg02d40120dhl4gtpd","review":"WORST!!The place was so unhygienic and the food and the service were disastrous.First of all,th","updatedAt":"2018-12-04T11:06:43.000Z","rating":1,"createdAt":"2018-12-04T11:06:43.000Z"},{"_typeName":"UserReviews","id":"cjph29oua0abr0136qld42qe5","review":"Very good ambience with yummy food","updatedAt":"2018-12-09T15:46:52.000Z","rating":5,"createdAt":"2018-12-09T15:46:52.000Z"},{"_typeName":"UserReviews","id":"cjpkuykln08i101035kzcyoc8","review":"","updatedAt":"2018-12-12T07:33:21.000Z","rating":5,"createdAt":"2018-12-12T07:33:21.000Z"},{"_typeName":"UserReviews","id":"cjpwsdp390sv001231jee24x8","review":"","updatedAt":"2018-12-20T15:54:22.000Z","rating":5,"createdAt":"2018-12-20T15:54:22.000Z"},{"_typeName":"UserReviews","id":"cjqco7wbp98vt01086b9oph6r","review":"Awesome taste","updatedAt":"2018-12-31T18:42:11.000Z","rating":5,"createdAt":"2018-12-31T18:42:11.000Z"},{"_typeName":"UserReviews","id":"cjqddyy6x4k9b0128ahswnpwm","review":"","updatedAt":"2019-01-01T06:43:04.000Z","rating":5,"createdAt":"2019-01-01T06:43:04.000Z"},{"_typeName":"UserReviews","id":"cjqddz1y547nb0113s7yax11v","review":"","updatedAt":"2019-01-01T06:43:09.000Z","rating":1,"createdAt":"2019-01-01T06:43:09.000Z"},{"_typeName":"UserReviews","id":"cjql46t670ydo01417swlh17s","review":"Awesome atmosphere","updatedAt":"2019-01-06T16:31:24.000Z","rating":5,"createdAt":"2019-01-06T16:31:24.000Z"},{"_typeName":"UserReviews","id":"cjql46wk50vrd0124t68wzhq3","review":"","updatedAt":"2019-01-06T16:31:28.000Z","rating":1,"createdAt":"2019-01-06T16:31:28.000Z"},{"_typeName":"UserReviews","id":"cjqqj373j07zz0110p0atc1q1","review":"","updatedAt":"2019-01-10T11:27:21.000Z","rating":5,"createdAt":"2019-01-10T11:27:21.000Z"},{"_typeName":"UserReviews","id":"cjqrd1ita0sfv01488w70mzbt","review":"","updatedAt":"2019-01-11T01:25:51.000Z","rating":5,"createdAt":"2019-01-11T01:25:51.000Z"},{"_typeName":"UserReviews","id":"cjqrd1kpj0uda0198zefvd6iu","review":"","updatedAt":"2019-01-11T01:25:53.000Z","rating":1,"createdAt":"2019-01-11T01:25:53.000Z"},{"_typeName":"UserReviews","id":"cjqz0srkb0zdi0157ozi51987","review":"","updatedAt":"2019-01-16T10:05:16.000Z","rating":5,"createdAt":"2019-01-16T10:05:16.000Z"},{"_typeName":"UserReviews","id":"cjr11pbtd0ixf0186xxyd9mmq","review":"","updatedAt":"2019-01-17T20:06:08.000Z","rating":4,"createdAt":"2019-01-17T20:06:08.000Z"},{"_typeName":"UserReviews","id":"cjr11pf150gl10197nq1ry7ri","review":"","updatedAt":"2019-01-17T20:06:12.000Z","rating":1,"createdAt":"2019-01-17T20:06:12.000Z"},{"_typeName":"UserReviews","id":"cjr8tk3r30yut0157mnhe5z6c","review":"","updatedAt":"2019-01-23T06:40:17.000Z","rating":1,"createdAt":"2019-01-23T06:40:17.000Z"},{"_typeName":"UserReviews","id":"cjrea0lyv10fp0132q0x7pzym","review":"","updatedAt":"2019-01-27T02:19:51.000Z","rating":1,"createdAt":"2019-01-27T02:19:51.000Z"},{"_typeName":"UserReviews","id":"cjrea10ze10la0156he9pcsf5","review":"","updatedAt":"2019-01-27T02:20:11.000Z","rating":1,"createdAt":"2019-01-27T02:20:11.000Z"},{"_typeName":"UserReviews","id":"cjrutwy4q0rdd0166nye3s2qv","review":"","updatedAt":"2019-02-07T16:21:12.000Z","rating":5,"createdAt":"2019-02-07T16:21:12.000Z"},{"_typeName":"UserReviews","id":"cjs220a1v19ed0184b4hiim0h","review":"This is an ideal place to eat the basic Indian  dishes with some desi twists like Aloo ke pakde and gud ki chai .","updatedAt":"2019-02-12T17:42:07.000Z","rating":5,"createdAt":"2019-02-12T17:42:07.000Z"},{"_typeName":"UserReviews","id":"cjs39ojl21i9u0176g6ndfkk1","review":"","updatedAt":"2019-02-13T14:04:43.000Z","rating":5,"createdAt":"2019-02-13T14:04:43.000Z"},{"_typeName":"UserReviews","id":"cjs4x1r8418580162cgwy5p95","review":"","updatedAt":"2019-02-14T17:46:37.000Z","rating":5,"createdAt":"2019-02-14T17:46:37.000Z"},{"_typeName":"UserReviews","id":"cjs4x216v17il0178gsc1c3ri","review":"","updatedAt":"2019-02-14T17:46:50.000Z","rating":1,"createdAt":"2019-02-14T17:46:50.000Z"},{"_typeName":"UserReviews","id":"cjs4x22ag18240107idw3tn4n","review":"","updatedAt":"2019-02-14T17:46:51.000Z","rating":1,"createdAt":"2019-02-14T17:46:51.000Z"},{"_typeName":"UserReviews","id":"cjshf7ch709k901287jdxhwb6","review":"","updatedAt":"2019-02-23T11:48:05.000Z","rating":4,"createdAt":"2019-02-23T11:48:05.000Z"},{"_typeName":"UserReviews","id":"cjshf89wk09hb01547ixjd4d9","review":"Such a nice test and value money ","updatedAt":"2019-02-23T11:48:48.000Z","rating":1,"createdAt":"2019-02-23T11:48:48.000Z"},{"_typeName":"UserReviews","id":"cjsvr6i9d0n2y0165i12hwcdz","review":"","updatedAt":"2019-03-05T12:32:07.000Z","rating":5,"createdAt":"2019-03-05T12:32:07.000Z"},{"_typeName":"UserReviews","id":"cjujiztr20hpj0110ucf2tyhs","review":"","updatedAt":"2019-04-16T08:29:09.000Z","rating":5,"createdAt":"2019-04-16T08:29:09.000Z"},{"_typeName":"UserReviews","id":"cjumxaiyb0utf01160gl423zr","review":"","updatedAt":"2019-04-18T17:32:42.000Z","rating":5,"createdAt":"2019-04-18T17:32:42.000Z"},{"_typeName":"UserReviews","id":"cjvdt232b0rq3018713y2w832","review":"","updatedAt":"2019-05-07T13:03:56.000Z","rating":5,"createdAt":"2019-05-07T13:03:56.000Z"},{"_typeName":"UserReviews","id":"cjvdt7lwc0sj80186v4shckmu","review":"One of the finest restaurants in town with authentic Indian food ","updatedAt":"2019-05-07T13:08:14.000Z","rating":5,"createdAt":"2019-05-07T13:08:14.000Z"},{"_typeName":"UserReviews","id":"cjvgc2x0i05t3014082g0cbt2","review":"","updatedAt":"2019-05-09T07:32:00.000Z","rating":4,"createdAt":"2019-05-09T07:32:00.000Z"},{"_typeName":"UserReviews","id":"cjvhoxweu0ukt0122uo47rtbf","review":"","updatedAt":"2019-05-10T06:19:47.000Z","rating":5,"createdAt":"2019-05-10T06:19:47.000Z"},{"_typeName":"UserReviews","id":"cjvhoxyqk0tvs010627ah0ywi","review":"","updatedAt":"2019-05-10T06:19:50.000Z","rating":1,"createdAt":"2019-05-10T06:19:50.000Z"},{"_typeName":"UserReviews","id":"cjvhwdibz0w0c01739wt1a9ha","review":"","updatedAt":"2019-05-10T09:47:53.000Z","rating":5,"createdAt":"2019-05-10T09:47:53.000Z"},{"_typeName":"UserReviews","id":"cjvnmzu3l106n0129130hkuuj","review":"Best cafe in town","updatedAt":"2019-05-14T10:11:55.000Z","rating":4,"createdAt":"2019-05-14T10:11:55.000Z"},{"_typeName":"UserReviews","id":"cjvv1rc4o0ry401670ahwe5eg","review":"","updatedAt":"2019-05-19T14:39:36.000Z","rating":2,"createdAt":"2019-05-19T14:39:36.000Z"},{"_typeName":"UserReviews","id":"cjvy2g8wk0toq01832aaumt85","review":"","updatedAt":"2019-05-21T17:22:17.000Z","rating":5,"createdAt":"2019-05-21T17:22:17.000Z"},{"_typeName":"UserReviews","id":"cjw4hnk4g0cxs01319oyesklt","review":"","updatedAt":"2019-05-26T05:14:29.000Z","rating":1,"createdAt":"2019-05-26T05:14:29.000Z"},{"_typeName":"UserReviews","id":"cjwozf5a70jkh0150h02wyesn","review":"","updatedAt":"2019-06-09T13:27:14.000Z","rating":5,"createdAt":"2019-06-09T13:27:14.000Z"},{"_typeName":"UserReviews","id":"cjwozfl310jt4010283chrgva","review":"","updatedAt":"2019-06-09T13:27:34.000Z","rating":5,"createdAt":"2019-06-09T13:27:34.000Z"},{"_typeName":"UserReviews","id":"cjwrsjyf10mrh0169qqdwylxk","review":"Nonveg yummy","updatedAt":"2019-06-11T12:38:19.000Z","rating":5,"createdAt":"2019-06-11T12:38:19.000Z"},{"_typeName":"UserReviews","id":"cjy19oro50aot01969049z4ol","review":"","updatedAt":"2019-07-13T08:27:35.000Z","rating":1,"createdAt":"2019-07-13T08:27:35.000Z"},{"_typeName":"UserReviews","id":"cjy19ouof0avi0192ie19z7ek","review":"","updatedAt":"2019-07-13T08:27:39.000Z","rating":1,"createdAt":"2019-07-13T08:27:39.000Z"},{"_typeName":"UserReviews","id":"cjycn7g4w0a8c01828x2f9i09","review":"","updatedAt":"2019-07-21T07:31:30.000Z","rating":5,"createdAt":"2019-07-21T07:31:30.000Z"},{"_typeName":"UserReviews","id":"cjz07zy6z05s201213spsewu9","review":"","updatedAt":"2019-08-06T19:32:14.000Z","rating":5,"createdAt":"2019-08-06T19:32:14.000Z"},{"_typeName":"UserReviews","id":"cjza3nqax0ufc0125k0cl1hcn","review":"nicee","updatedAt":"2019-08-13T17:28:27.000Z","rating":5,"createdAt":"2019-08-13T17:28:27.000Z"},{"_typeName":"UserReviews","id":"cjzcss26x17vn014653yqb8ie","review":"","updatedAt":"2019-08-15T14:47:12.000Z","rating":1,"createdAt":"2019-08-15T14:47:12.000Z"},{"_typeName":"UserReviews","id":"cjzcss5pk17n20120tcnfi43t","review":"","updatedAt":"2019-08-15T14:47:16.000Z","rating":5,"createdAt":"2019-08-15T14:47:16.000Z"},{"_typeName":"UserReviews","id":"cjzpkfsgp0l9c0189fggwhbc3","review":"","updatedAt":"2019-08-24T13:14:43.000Z","rating":1,"createdAt":"2019-08-24T13:14:43.000Z"},{"_typeName":"UserReviews","id":"cjzpkfw5u0l070142vpgkik1s","review":"","updatedAt":"2019-08-24T13:14:47.000Z","rating":1,"createdAt":"2019-08-24T13:14:47.000Z"},{"_typeName":"UserReviews","id":"ck1eemp4t01200170ay3712xl","review":"","updatedAt":"2019-10-06T03:06:04.000Z","rating":1,"createdAt":"2019-10-06T03:06:04.000Z"},{"_typeName":"UserReviews","id":"ck1ln4ox50dgk0197juv04w4j","review":"","updatedAt":"2019-10-11T04:38:24.000Z","rating":5,"createdAt":"2019-10-11T04:38:24.000Z"},{"_typeName":"UserReviews","id":"ck1ln4xix0dg80143sbemal3r","review":"","updatedAt":"2019-10-11T04:38:35.000Z","rating":5,"createdAt":"2019-10-11T04:38:35.000Z"},{"_typeName":"UserReviews","id":"ck1ln51720dhm0168w6ywwkuf","review":"","updatedAt":"2019-10-11T04:38:39.000Z","rating":1,"createdAt":"2019-10-11T04:38:39.000Z"},{"_typeName":"UserReviews","id":"ck1ln5nxk0diz0163arir32su","review":"","updatedAt":"2019-10-11T04:39:09.000Z","rating":5,"createdAt":"2019-10-11T04:39:09.000Z"},{"_typeName":"UserReviews","id":"ck1ln60060dhq0172ak79c49y","review":"","updatedAt":"2019-10-11T04:39:25.000Z","rating":5,"createdAt":"2019-10-11T04:39:25.000Z"},{"_typeName":"UserReviews","id":"ck1p92s6c0lpx0198tzmytyn1","review":"Amazing 👌🙌🙌🙌","updatedAt":"2019-10-13T17:16:05.000Z","rating":5,"createdAt":"2019-10-13T17:16:05.000Z"},{"_typeName":"UserReviews","id":"ck1tk4lrm0rdu0185jrt695yd","review":"Amazing","updatedAt":"2019-10-16T17:36:30.000Z","rating":5,"createdAt":"2019-10-16T17:36:30.000Z"},{"_typeName":"UserReviews","id":"ck1tk4rn20rdw0197yl4c0pwv","review":"Awaesome","updatedAt":"2019-10-16T17:36:38.000Z","rating":5,"createdAt":"2019-10-16T17:36:38.000Z"},{"_typeName":"UserReviews","id":"ck1tk54wv0rp50176xw855pnf","review":"Ndnfnfnjf","updatedAt":"2019-10-16T17:36:55.000Z","rating":5,"createdAt":"2019-10-16T17:36:55.000Z"},{"_typeName":"UserReviews","id":"ck3d5ce8903zl0164gtjs7dtd","review":"","updatedAt":"2019-11-24T15:17:45.000Z","rating":5,"createdAt":"2019-11-24T15:17:45.000Z"},{"_typeName":"UserReviews","id":"ckcxr0a07fmn00973j6bcdaha","review":"hi","updatedAt":"2020-07-22T19:16:56.359Z","rating":5,"createdAt":"2020-07-22T19:16:56.359Z"},{"_typeName":"Wednesday","id":"cjlqv913v1jlo01374ta1vdad","exhausted":true,"order":52},{"_typeName":"Wednesday","id":"cjlqvgjau1lgw01343znttxys","exhausted":true,"order":51},{"_typeName":"Wednesday","id":"cjlqvjjf91np40191t7ufbqdh","exhausted":true,"order":50},{"_typeName":"Wednesday","id":"cjlqvsqq71pnp0181t5jlbl8q","exhausted":true,"order":49},{"_typeName":"Wednesday","id":"cjlqvx6yw1uid0173rqsu44ec","exhausted":true,"order":48},{"_typeName":"Wednesday","id":"cjlqw19ei1rm601810p3i0xkh","exhausted":true,"order":47},{"_typeName":"Wednesday","id":"cjlqw53u21s9i0137woyfgaet","exhausted":true,"order":46},{"_typeName":"Wednesday","id":"cjlqw7qdz1sub0189tfoy3pcy","exhausted":true,"order":45},{"_typeName":"Wednesday","id":"cjlqwbhnd1yiz01341t1dj4ok","exhausted":true,"order":44},{"_typeName":"Wednesday","id":"cjlqwe0r01tpp0175vvwmjg4v","exhausted":true,"order":43},{"_typeName":"Wednesday","id":"cjlqwhvt41vc80181eong73fy","exhausted":true,"order":42},{"_typeName":"Wednesday","id":"cjlqwmd331w9301308ua72e37","exhausted":true,"order":41},{"_typeName":"Wednesday","id":"cjlqyseai0bp40196dbg2e8ch","exhausted":true,"order":40},{"_typeName":"Wednesday","id":"cjlqyu00b0c7e0196lkyltkz3","exhausted":true,"order":37},{"_typeName":"Wednesday","id":"cjlxbps6519go0100dpd04uap","exhausted":false},{"_typeName":"Wednesday","id":"cjlydy8pt0hhm0101bmojrzqt","exhausted":false},{"_typeName":"Wednesday","id":"cjm9kw4bg0mec0125w7qwbb6f","exhausted":false,"order":36},{"_typeName":"Wednesday","id":"cjmzjmsn90ae80109nofp7szu","exhausted":false},{"_typeName":"Wednesday","id":"cjn9ofwto0x320106uai1cwdf","exhausted":false,"order":35},{"_typeName":"Wednesday","id":"cjn9p5lh510k70166qqz59f3u","exhausted":false,"order":34},{"_typeName":"Wednesday","id":"cjnbdgu7113020125kmcktg7n","exhausted":true,"order":33},{"_typeName":"Wednesday","id":"cjop8gvl20epg0140dx4ra8j6","exhausted":false,"order":32},{"_typeName":"Wednesday","id":"cjov3walz00re0148h7wga6be","exhausted":true,"order":31},{"_typeName":"Wednesday","id":"cjpasywn015b20107lf0kwzyi","exhausted":false,"order":30},{"_typeName":"Wednesday","id":"cjpatkcyd0040016554lasrha","exhausted":false,"order":29},{"_typeName":"Wednesday","id":"cjpau239z02et01814sbfc5hg","exhausted":false,"order":28},{"_typeName":"Wednesday","id":"cjphitfkb074q0108t7fxb544","exhausted":false,"order":27},{"_typeName":"Wednesday","id":"cjpi51i2w12cv01230fimaban","exhausted":true,"order":26},{"_typeName":"Wednesday","id":"cjpqk7ie0043k0179i14jy8gb","exhausted":false,"order":25},{"_typeName":"Wednesday","id":"cjpxq868u0fs00128thgaok35","exhausted":true},{"_typeName":"Wednesday","id":"cjpyqy27h0gv10155i2wlob82","exhausted":true,"order":24},{"_typeName":"Wednesday","id":"cjq7to6sr1vea0165gd2li8nc","exhausted":false,"order":23},{"_typeName":"Wednesday","id":"cjqexwrch1xrx0138hz417ail","exhausted":false,"order":22},{"_typeName":"Wednesday","id":"cjqqxf1ca1b680126abul4x6j","exhausted":false,"order":21},{"_typeName":"Wednesday","id":"cjqr91imx08ik0186wk6jtjx3","exhausted":false,"order":20},{"_typeName":"Wednesday","id":"cjru7blkw0ufy0166ckwtczr5","exhausted":true,"order":19},{"_typeName":"Wednesday","id":"cjru7t3gp0xn20109hgc15h65","exhausted":true,"order":18},{"_typeName":"Wednesday","id":"cjru9jin21ahc0155dbnjw6rn","exhausted":true,"order":17},{"_typeName":"Wednesday","id":"cjsifsn3n0fye01147h7an69n","exhausted":false,"order":16},{"_typeName":"Wednesday","id":"cju3ngdah0nhk0164q4gj1x6r","exhausted":false,"order":5},{"_typeName":"Wednesday","id":"cju3oi9ni0s880170gnvm6ge1","exhausted":false,"order":4},{"_typeName":"Wednesday","id":"cjulgjbn00o240120vh4fv7j5","exhausted":true,"order":34},{"_typeName":"Wednesday","id":"cjulgxnom0phn0164iodxju2y","exhausted":true,"order":35},{"_typeName":"Wednesday","id":"cjvpzviwe0kzp0106eeqd4d79","exhausted":true,"order":1},{"_typeName":"Wednesday","id":"cjwoz1qjc0idt0192xfb1ft6e","exhausted":false,"order":3},{"_typeName":"Wednesday","id":"cjwozbj8v0j5l0191oj3gtrl4","exhausted":false,"order":2},{"_typeName":"Wednesday","id":"cjwplfw0505go011974qfpplf","exhausted":true,"order":15},{"_typeName":"Wednesday","id":"cjwqynbdb0vei0131sv5xlkzh","exhausted":false,"order":14},{"_typeName":"Wednesday","id":"cjwqzheub017t0194c1yithgs","exhausted":false,"order":13},{"_typeName":"Wednesday","id":"cjwr0rsc505vp0191qsy0y3hw","exhausted":true,"order":5},{"_typeName":"Wednesday","id":"cjwtxbiax0ad50197zjq5i8qe","exhausted":true,"order":12},{"_typeName":"Wednesday","id":"cjwtxy4o80c6o011754kqz280","exhausted":true,"order":11},{"_typeName":"Wednesday","id":"cjwtyb6bf0d120138g4uigry3","exhausted":true,"order":10},{"_typeName":"Wednesday","id":"cjwtyscw20f7z0122h7s23dtp","exhausted":true,"order":9},{"_typeName":"Wednesday","id":"cjwtzeqb80hfw0197nuldc4a7","exhausted":true,"order":8},{"_typeName":"Wednesday","id":"cjwu0eaxo0kl00179j5ltltz7","exhausted":true,"order":7},{"_typeName":"Wednesday","id":"cjwu0w7170lyu0188dqmmi0er","exhausted":true,"order":6},{"_typeName":"Wednesday","id":"cjy9rco1602wr01052z9jpf0y","exhausted":false},{"_typeName":"Wednesday","id":"ck0h1yqyu1zc0017729sxr8b5","exhausted":false,"order":0},{"_typeName":"Wednesday","id":"ck26k2on7086w0180ztmjbl3r","exhausted":false},{"_typeName":"Wednesday","id":"ck26mfs9e0f8b010407qzfqiq","exhausted":false},{"_typeName":"Wednesday","id":"ck26mp2dm0fcf0145pzzhizkh","exhausted":false,"order":0},{"_typeName":"Wednesday","id":"ck26n0wyz0htf0180brlsgn2s","exhausted":false,"order":0},{"_typeName":"Wednesday","id":"ck27stjkq0e6y0156180xlaoc","exhausted":false,"order":0},{"_typeName":"Wednesday","id":"ck27t63ou0ee101035mkuyj46","exhausted":false,"order":0},{"_typeName":"Wednesday","id":"ck27tjnyy0fsn016924sph6ub","exhausted":false,"order":0},{"_typeName":"Wednesday","id":"ck27uxd720jjd0157xq8z7i5i","exhausted":false,"order":0},{"_typeName":"Wednesday","id":"ck27v3e0t0kst01038yzv2htp","exhausted":false,"order":0},{"_typeName":"Wednesday","id":"ck27w3rha0nas01595916afkf","exhausted":false,"order":0},{"_typeName":"Wednesday","id":"ck2a53n2x09vh0163jqaqan1u","exhausted":false,"order":0},{"_typeName":"Wednesday","id":"ck2chd4sn030b0176iaf2e0nt","exhausted":true,"order":0},{"_typeName":"Wednesday","id":"ck2chqwe104180181rxgonjid","exhausted":true,"order":0},{"_typeName":"Wednesday","id":"ck3c89yzl08t30156mbglt3r8","exhausted":false,"order":1},{"_typeName":"Wednesday","id":"ck40ncg2u0tio0195v2rzvbke","exhausted":false,"order":2},{"_typeName":"Wednesday","id":"ck40p0g8410nb01954oruhi7n","exhausted":true,"order":2},{"_typeName":"city","id":"ck4ifvs528omy09222fezpkic","premiumAmmount90":249,"city":"Delhi","premiumAmmount180":449,"premiumAmmount360":849,"isPremium":true,"imageUrl":"https://i.imgur.com/1M7mPmy.jpg"},{"_typeName":"city","id":"ck4ifyqj48pec0922f1q1vlt4","premiumAmmount90":249,"city":"Indore","premiumAmmount180":449,"premiumAmmount360":849,"isPremium":true,"imageUrl":"https://i.imgur.com/1N2eQpc.jpg"},{"_typeName":"city","id":"ck4ig08mm8pt80922i46w0c7y","premiumAmmount90":249,"city":"Bhopal","premiumAmmount180":449,"premiumAmmount360":849,"isPremium":true,"imageUrl":"https://i.imgur.com/ib7EMcV.jpg"},{"_typeName":"city","id":"ck4ig1uy0c4bo09933jv7hwnl","premiumAmmount90":249,"city":"Jaipur","premiumAmmount180":449,"premiumAmmount360":849,"isPremium":true,"imageUrl":"https://i.imgur.com/VJDn0ah.jpg"}]}