{"valueType":"lists","values":[{"_typeName":"Restaurants","id":"cjibl81gvlxnn0183svwpo0b6","rphone":["9717306110","9717304097","9717304083"]},{"_typeName":"Restaurants","id":"cjiblno3zlxsb0183s5hde6id","rphone":["8527136966","8375018075"]},{"_typeName":"Restaurants","id":"cjiblqhnpm7nr0197awps6t59","rphone":["9999082777","9999082666"]},{"_typeName":"Restaurants","id":"cjiblwnkpm7pj0197c9o5diei","rphone":["9999611334","9999611332","8527136966"]},{"_typeName":"Restaurants","id":"cjibm0f5ylxvr0183x554gpa5","rphone":["9926800080","9899245433"]},{"_typeName":"Restaurants","id":"cjik15emjp7kp0197500mb4zi","rphone":["8527136966"]},{"_typeName":"Restaurants","id":"cjik2gkbhoye80183s1mwb8fo","rphone":["8375018075","9811884964","9013050909"]},{"_typeName":"Restaurants","id":"cjik40olqoyxn0183zkhspsxn","rphone":["9136839787","9266108370"]},{"_typeName":"Restaurants","id":"cjikbtdx5p2co0183hk28sljr","rphone":["9582512779","9599064236"]},{"_typeName":"Restaurants","id":"cjjkuvzm603530169r27iw34z","rphone":["8376866466","9582273433"]},{"_typeName":"Restaurants","id":"cjjkvfprp038901693vr2jam1","rphone":["8076209776","9999716758","9999040667"]},{"_typeName":"Restaurants","id":"cjjkw93uv03e80198wg87bxlj","rphone":["9015226610","9999942730"]},{"_typeName":"Restaurants","id":"cjjkwsu7a03er0169t0vq2hfl","rphone":["9999600015 "]},{"_typeName":"Restaurants","id":"cjk5s4h3x42em0175kdkec5n4","rphone":["9654170664","9810747934","9015266682"]},{"_typeName":"Restaurants","id":"cjmybfl275plt0167jqh3ob8d","rphone":["7440550002","8965951170","9826777119"]},{"_typeName":"Restaurants","id":"cjn9dby5989is01833mpzj9tk","rphone":["9109912333","9826333553"]},{"_typeName":"Restaurants","id":"cjop8377vkwnt0167xwl2oybr","rphone":["9300477777","9109999846","9109999843","9109999842"]},{"_typeName":"Restaurants","id":"cjov3urszm9er0183z4vgb0z9","rphone":["9826661013","7987465575"]},{"_typeName":"Restaurants","id":"cjp0mxj0mnf0e0167gvbhrhj9","rphone":["6232068602","9584090860"]},{"_typeName":"Restaurants","id":"cjp1szn0znr2t01834ztsgu3j","menu":[{"Price":"99","Item":"Chicken Crispy Burger"},{"Price":"89","Item":"Veg Patty Burger"},{"Price":"79","Item":"Double Jeera"},{"Price":"79","Item":"Snickers Shake"},{"Price":"99","Item":"Chicken Dum Biryani"}]},{"_typeName":"Restaurants","id":"cjp1szn0znr2t01834ztsgu3j","rphone":["9400854024","9285033303"]},{"_typeName":"Restaurants","id":"cjpaswpb3pskf0167i5nlggqr","menu":[{"Price":"149","Item":"Sandwich"},{"Price":"179","Item":"Quesadilla"},{"Price":"79","Item":"Orange Mojito"},{"Price":"249","Item":"Pesto Stuffed Saffron Fondue"},{"Price":"149","Item":"Mexican Golgappa"},{"Price":"179","Item":"Mac N Cheese Samosa"},{"Price":"199","Item":"Loaded Nachos"},{"Price":"199","Item":"Lasagna"},{"Price":"149","Item":"AglioEolis"},{"Price":"179","Item":"Buritta"},{"Price":"249","Item":"Calzone Pizza"}]},{"_typeName":"Restaurants","id":"cjpaswpb3pskf0167i5nlggqr","rphone":["6262608022","9039134567"]},{"_typeName":"Restaurants","id":"cjphibqzurj5k01671hrq6fqe","menu":[{"Price":"200","Item":"Chicken Angara Tikka"},{"Price":"50","Item":"Butter Omelette"},{"Price":"110","Item":"Egg Masala"},{"Price":"210","Item":"Kurkure Kukkad"},{"Price":"180","Item":"Chicken Noodles"}]},{"_typeName":"Restaurants","id":"cjphibqzurj5k01671hrq6fqe","rphone":["9584788805"]},{"_typeName":"Restaurants","id":"cjpqjuyastfrz018311j2s46x","menu":[{"Price":"120","Item":"Manchurian Noodles With Fried Rice"},{"Price":"130","Item":"Corn Cheese Sandwich"},{"Price":"130","Item":"Paneer Cheese Masala Dosa"},{"Price":"60","Item":"Peri Peri Maggi"},{"Price":"220","Item":"Exotica Pizza"}]},{"_typeName":"Restaurants","id":"cjpqjuyastfrz018311j2s46x","rphone":["9770538611","9171668229","9302414752"]},{"_typeName":"Restaurants","id":"cjq7pqei6vtvp0183ynpa5cby","menu":[{"Price":"15","Item":"Jaljeera"},{"Price":"100","Item":"Makke Ki Roti + Amaadi ki daal"},{"Price":"120","Item":"Daal Paania"},{"Price":"150","Item":"Chakli Baati"},{"Price":"150","Item":"Daal Baafle"}]},{"_typeName":"Restaurants","id":"cjq7pqei6vtvp0183ynpa5cby","rphone":["8889656186","7000269226"]},{"_typeName":"Restaurants","id":"cjq7tl84mvua301838rdz7k0c","menu":[{"Price":"170","Item":"Chakli Bati Thaali"},{"Price":"170","Item":"Dal Bafla Thaali"},{"Price":"120","Item":"Dal Paniya Thaali"},{"Price":"130","Item":"Paneer Peshwari Tikka"},{"Price":"120","Item":"Kadai Paneer"}]},{"_typeName":"Restaurants","id":"cjq7tl84mvua301838rdz7k0c","rphone":["9993311191"]},{"_typeName":"Restaurants","id":"cjqqxd2i9yql301836w7cg6kf","rphone":["9425069838","9425448822"]},{"_typeName":"Restaurants","id":"cjru792eg5z2101838qs5c9dl","rphone":["7415490656","7879560213"]},{"_typeName":"Restaurants","id":"cjru7rlyn5va201674xwu2lev","rphone":["9893202121"]},{"_typeName":"Restaurants","id":"cjru8914e5z7w0183vcahjzq3","rphone":["8109919564"]},{"_typeName":"Restaurants","id":"cju3n5jxzh7d101678uxpubhs","rphone":["9893092333","9755555809"]},{"_typeName":"Restaurants","id":"cju3ohk2khn7q01835cjw3g6p","rphone":["9977095678"]},{"_typeName":"Restaurants","id":"cjwowk17p595a0185ucax2ukk","menu":[{"Price":"330","Item":"Beer"},{"Price":"365","Item":"Chicken Darbari"},{"Price":"715","Item":"Kabab Platter"},{"Price":"270","Item":"Jameson Irish Whiskey(30mL)"},{"Price":"260","Item":"Ballantine's Finest(30mL)"}]},{"_typeName":"Restaurants","id":"cjwowk17p595a0185ucax2ukk","rphone":["8269601019","7415008853"]},{"_typeName":"Restaurants","id":"cjwoy81eu5a9t0162jvtnr1s3","menu":[{"Price":"280","Item":"Kingfisher"},{"Price":"380","Item":"Heniken Ultra Max"},{"Price":"200","Item":"Triple Fried Rice"},{"Price":"165","Item":"Mushroom Malai"},{"Price":"360","Item":"Veg Kebab Platter"}]},{"_typeName":"Restaurants","id":"cjwoy81eu5a9t0162jvtnr1s3","rphone":["9039750148","7488634029","7906100714","9584741116","9303075525","9200301576"]},{"_typeName":"Restaurants","id":"cjwqyagg65mga0162jyooap7s","menu":[{"Price":"445","Item":"Veg Kebabo Ki Toli"},{"Price":"165","Item":"Chicken Manchow Soup"},{"Price":"265","Item":"Cheese Chilly Onion Kebab"},{"Price":"260","Item":"Paneer Lasooni Tikka"},{"Price":"260","Item":"Paneer Choti Boti Kebab"}]},{"_typeName":"Restaurants","id":"cjwqyagg65mga0162jyooap7s","rphone":["7898221000"]},{"_typeName":"Restaurants","id":"cjwqz2pqs5ns401620mgaduvz","menu":[{"Price":"225","Item":"Beer"},{"Price":"255","Item":"Gold Coin"},{"Price":"265","Item":"Paneer Amritsari"},{"Price":"275","Item":"Russian Salad SD Special"},{"Price":"195","Item":"Cheese Chilly Garlic Toast SD Special"}]},{"_typeName":"Restaurants","id":"cjwqz2pqs5ns401620mgaduvz","rphone":["9644821000"]},{"_typeName":"Restaurants","id":"cjwr0eb945n5d0185qn0kxtrs","menu":[{"Price":"150","Item":"Anda Biryani"},{"Price":"150","Item":"CK Mexican Noodles"},{"Price":"50","Item":"Bun Maska"},{"Price":"200","Item":"CK Pasta"},{"Price":"150","Item":"Unda Ghotala"}]},{"_typeName":"Restaurants","id":"cjwr0eb945n5d0185qn0kxtrs","rphone":["9826781957"]},{"_typeName":"Restaurants","id":"cjwtzc46765g80185jcvuvlsf","rphone":["7247728893"]},{"_typeName":"Restaurants","id":"cjwu03d2365jp0185melibab1","menu":[{"Price":"650","Item":"Corralejo Reposado"},{"Price":"350","Item":"Warm Chocolate Brownie"},{"Price":"750","Item":"Crumb Fried Fish"},{"Price":"250","Item":"Cafe Macchiato"}]},{"_typeName":"Restaurants","id":"cjwu03d2365jp0185melibab1","rphone":["7986906239"]},{"_typeName":"Restaurants","id":"cjwu0unxm65mt0185btav5bug","menu":[{"Price":"450","Item":"Dal Mughlai"},{"Price":"850","Item":"Dum Gosht Biryani"},{"Price":"380","Item":"Tequila"},{"Price":"850","Item":"Jhinga Sarson"},{"Price":"700","Item":"Nalli Gosht Nihaari"}]},{"_typeName":"Restaurants","id":"cjwu0unxm65mt0185btav5bug","rphone":["9770258640"]},{"_typeName":"Restaurants","id":"cjy9qmlqc2qm80124f1iadotr","menu":[{"Price":"219","Item":"Kaju Sugarkul"},{"Price":"89","Item":"Cold Coffee w Ice Cream"},{"Price":"479","Item":"Kebab Platter"},{"Price":"219","Item":"Mushroom Haryali Tikka"},{"Price":"159","Item":"Aloo Nazakat"}]},{"_typeName":"Restaurants","id":"cjy9qmlqc2qm80124f1iadotr","restaurantImage":[{"Image":"https://i.imgur.com/s1M1T0Y.jpg"},{"Image":"https://i.imgur.com/wLHRnMX.jpg"}]},{"_typeName":"Restaurants","id":"cjy9qmlqc2qm80124f1iadotr","rphone":["6269091000","8989498146","6260308309"]},{"_typeName":"Restaurants","id":"ck0h1xr6f1doc0185ea9q6ts1","restaurantImage":[{"Image":"https://b.zmtcdn.com/data/pictures/0/18996480/52f3e2532f7842d647f6869bc5547733_featured_v2.jpg"},{"Image":"https://media-cdn.tripadvisor.com/media/photo-s/0f/19/fd/2c/kyro.jpg"}]},{"_typeName":"Restaurants","id":"ck0h1xr6f1doc0185ea9q6ts1","rphone":["8375018075","88170 89907","9300001209","9111166551","9981188899"]},{"_typeName":"Restaurants","id":"ck26hpdhp2n5e0149c3l8npm8","menu":[{"Price":"315","Item":"Palak Cheese Karara Roll"},{"Price":"315","Item":"Lalla Mussa Dal"},{"Price":"345","Item":"Harippa Paneer Tikka"},{"Price":"475","Item":"Nalli Rogan Josh"},{"Price":"375","Item":"Shaam Savera"},{"Price":"425","Item":"Tari Wala Murg"}]},{"_typeName":"Restaurants","id":"ck26hpdhp2n5e0149c3l8npm8","rphone":["9079760437","8739899040","9887899992"]},{"_typeName":"Restaurants","id":"ck26lzvpf2nj50119b51q87to","rphone":["9929433881","9829123540","9610085666"]},{"_typeName":"Restaurants","id":"ck26nau6i2nmw0119qa90gzi7","menu":[{"Price":"1199","Item":"Sunday Brunch"},{"Price":"550","Item":"Bar One Paneer Tikka"},{"Price":"500","Item":"Subz Handi Lazeez"},{"Price":"750","Item":"Rajasthani Thali"},{"Price":"675","Item":"Laal Maas"},{"Price":"700","Item":"Kids Buffet"},{"Price":"1199","Item":"Dinner Buffet"},{"Price":"899","Item":"Lunch Buffet"}]},{"_typeName":"Restaurants","id":"ck26nau6i2nmw0119qa90gzi7","rphone":["7987810383","9799393668"]},{"_typeName":"Restaurants","id":"ck26nfxvn2nps0149va0hzoyp","menu":[{"Price":"500","Item":"Chicken Tikka And Olive Pizza"},{"Price":"525","Item":"Zaituni Murg Tulsi seekh"},{"Price":"1099","Item":"Mexican Bulldog"},{"Price":"550","Item":"Zombie"},{"Price":"600","Item":"Toxified Red/Wine Sangria"},{"Price":"550","Item":"Roadhouse Refresher"}]},{"_typeName":"Restaurants","id":"ck26nfxvn2nps0149va0hzoyp","rphone":["8209776610","9799392116"]},{"_typeName":"Restaurants","id":"ck27tcfx82rgm01497jqym8up","menu":[{"Price":"450","Item":"Bira White"},{"Price":"1425","Item":"Hunan Style Braised Lamb Chop"},{"Price":"550","Item":"General Tso's Chicken"},{"Price":"725","Item":"Pla Rad Prik"},{"Price":"375","Item":"Spinach and Fresh Cheese Dim Sum"},{"Price":"350","Item":"Thukpa(Veg)"}]},{"_typeName":"Restaurants","id":"ck27tcfx82rgm01497jqym8up","rphone":["9799392116","9799393669"]},{"_typeName":"Restaurants","id":"ck27tzgdb2rhc0119dg7eb9qp","menu":[{"Price":"200","Item":"Fresh Fruit Salad"},{"Price":"150","Item":"Activated Charcoal"},{"Price":"100","Item":"Veg Puff"},{"Price":"180","Item":"Veg Kathi Roll"},{"Price":"150","Item":"Chocolate Truffle"}]},{"_typeName":"Restaurants","id":"ck27tzgdb2rhc0119dg7eb9qp","rphone":["9799393669"]},{"_typeName":"Restaurants","id":"ck27u2utj2rlm0149pi36gmb1","rphone":["8209776610","9799392116"]},{"_typeName":"Restaurants","id":"ck27v7eew2rp80149ksxmflaq","rphone":["7357265930"]},{"_typeName":"Restaurants","id":"ck2a4q2sl2xzc0119e3whok4h","rphone":["8890878480","9610523550","8890878480","9549623333"]},{"_typeName":"Restaurants","id":"ck3c7uoja8py80109du50f89l","menu":[{"Price":"260","Item":"Peshawari Chicken"},{"Price":"230","Item":"Pind Punjabi Tandoori Chicken"},{"Price":"210","Item":"Mutter Methi Malai"},{"Price":"210","Item":"Mushroom Masala"},{"Price":"210","Item":"Pindi Chana Masala"},{"Price":"230","Item":"Pind Punjabi Tawa Paneer"}]},{"_typeName":"Restaurants","id":"ck3c7uoja8py80109du50f89l","rphone":["9587511333","9983062222"]},{"_typeName":"Restaurants","id":"ck40n3pfqeq5q0109gs856d8n","rphone":["9983999999"]}]}